"id","accession number","title","who","image"
10427,"1985.141.1","Portrait of a Gentleman","George Catlin","http://images.metmuseum.org/CRDImages/ap/original/DP168883.jpg"
10484,"38.146.3","Portrait of a Lady","Alvan Clark","http://images.metmuseum.org/CRDImages/ap/original/DP161467.jpg"
10512,"83.3","Cain","J. Stanley Connor","http://images.metmuseum.org/CRDImages/ap/original/83.3.jpg"
10522,"49.12","Daniel Crommelin Verplanck","John Singleton Copley","http://images.metmuseum.org/CRDImages/ap/original/DT58.jpg"
10855,"38.145.91","Portrait of an Old Lady","James Sanford Ellsworth","http://images.metmuseum.org/CRDImages/ap/original/DP105570w.jpg"
10891,"33.62","Augustus Saint-Gaudens","John Flanagan","http://images.metmuseum.org/CRDImages/ap/original/DP169687.jpg"
10896,"49.67","Portrait of a Gentleman","William Franks","http://images.metmuseum.org/CRDImages/ap/original/ap49.67.jpg"
10948,"38.146.7","Self-portrait","Thomas Gimbrede","http://images.metmuseum.org/CRDImages/ap/original/ap38.146.7.jpg"
10958,"68.222.25","Portrait of a Lady","Sarah Goodridge","http://images.metmuseum.org/CRDImages/ap/original/ap68.222.25.jpg"
10970,"X.331","Samuel Finley Breese Morse","Horatio Greenough","http://images.metmuseum.org/CRDImages/ap/original/X.331.L.jpg"
10986,"24.109.95","Portrait of a Gentleman","Nathaniel Hancock","http://images.metmuseum.org/CRDImages/ap/original/DP161460.jpg"
11015,"32.75.13","Portrait of a Lady","George Harvey","http://images.metmuseum.org/CRDImages/ap/original/ap32.75.13.jpg"
11055,"23.102","Euphemia White Van Rensselaer","George P. A. Healy","http://images.metmuseum.org/CRDImages/ap/original/DT2051.jpg"
11365,"95.20","Portrait of a Lady","Joseph Kyle","http://images.metmuseum.org/CRDImages/ap/original/ap95.20.jpg"
11443,"20.55","Louise","Evelyn Beatrice Longman","http://images.metmuseum.org/CRDImages/ap/original/20.55.jpg"
11477,"22.61","Boy and Duck","Frederick William MacMonnies","http://images.metmuseum.org/CRDImages/ap/original/22.61.jpg"
11506,"1985.141.7","Portrait of a Lady",,"http://images.metmuseum.org/CRDImages/ap/original/DP222175.jpg"
11773,"25.106.12","Portrait of a Lady","Joseph-Pierre Picot de Limoelan de Cloriviere","http://images.metmuseum.org/CRDImages/ap/original/ap25.106.12.jpg"
11931,"28.169.2","Mrs. Gabriel Manigault (Margaret Izard)","Walter Robertson","http://images.metmuseum.org/CRDImages/ap/original/DP222406.jpg"
11932,"95.14.112","Portrait of a Lady","Walter Robertson","http://images.metmuseum.org/CRDImages/ap/original/ap95.14.112.jpg"
11944,"95.14.118","Humphry Howland","Nathaniel Rogers","http://images.metmuseum.org/CRDImages/ap/original/ap95.14.118.jpg"
11973,"68.222.33","Portrait of a Lady","Moses . Russell","http://images.metmuseum.org/CRDImages/ap/original/DP168958.jpg"
12379,"50.130.147a","Fish and Fishing Motifs, Faces and Figures (from Switzerland 1869 Sketchbook)","John Singer Sargent","http://images.metmuseum.org/CRDImages/ap/original/219108.jpg"
12545,"1977.135","Portrait of a Lady (possibly Tryntje Otten Veeder)","Schuyler Limner","http://images.metmuseum.org/CRDImages/ap/original/DP227641.jpg"
12600,"62.79.1","Francis Brinley","John Smibert","http://images.metmuseum.org/CRDImages/ap/original/DT53.jpg"
12602,"62.79.2","Mrs. Francis Brinley and Her Son Francis","John Smibert","http://images.metmuseum.org/CRDImages/ap/original/DT54.jpg"
12700,"1970.118","Portrait of a Gentleman","Thomas Seir Cummings","http://images.metmuseum.org/CRDImages/ap/original/ap1970.118.jpg"
12726,"42.95.29","Tableau of Indian Faces",["Pavel Petrovich Svinin","John Lewis Krimmel"],"http://images.metmuseum.org/CRDImages/ap/original/ap42.95.29.jpg"
12812,"50.145.36","Portrait of a Gentleman","Benjamin Trott","http://images.metmuseum.org/CRDImages/ap/original/DP276995.jpg"
12864,"41.35.2","Portrait of a Gentleman",,"http://images.metmuseum.org/CRDImages/ap/original/ap41.35.2.jpg"
12933,"1973.323.6","Portrait of a Little Girl Picking Grapes",,"http://images.metmuseum.org/CRDImages/ap/original/DP221115.jpg"
12971,"35.114","Portrait of a Girl",,"http://images.metmuseum.org/CRDImages/ap/original/ap35.114.jpg"
12972,"25.178.4","Portrait of a Gentleman",,"http://images.metmuseum.org/CRDImages/ap/original/ap25.178.4.jpg"
12978,"55.73.3","Portrait of a Man","Thomas Hicks","http://images.metmuseum.org/CRDImages/ap/original/ap55.73.3.jpg"
12980,"25.108","Portrait of a Woman, Called Maria Taylor Byrd","School of Sir Godrey Kneller, 1646–1723","http://images.metmuseum.org/CRDImages/ap/original/ap25.108.jpg"
12982,"62.48.2","Portrait of a Woman; Possibly Mrs. Hattie Laroox","J. Z.","http://images.metmuseum.org/CRDImages/ap/original/ap62.48.2.jpg"
12985,"33.136.10","Portrait of a Gentleman",,"http://images.metmuseum.org/CRDImages/ap/original/ap33.136.10.jpg"
12994,"64.97.4","Portrait of a Man",,"http://images.metmuseum.org/CRDImages/ap/original/ap64.97.4.jpg"
12997,"27.125","Robert Monckton",,"http://images.metmuseum.org/CRDImages/ad/original/68224.jpg"
13024,"1981.447.1","Portrait of a Gentleman","John Wood Dodge","http://images.metmuseum.org/CRDImages/ap/original/ap1981.447.1.jpg"
13039,"11.60.181","Portrait of a Man","Thomas Bluget De Valdenuit","http://images.metmuseum.org/CRDImages/ap/original/ap11.60.181.jpg"
13091,"99.29.1","Edward Kellogg",["Samuel Lovett Waldo","William Jewett"],"http://images.metmuseum.org/CRDImages/ap/original/ap99.29.1.jpg"
13097,"99.29.2","Mrs. Edward Kellogg",["Samuel Lovett Waldo","William Jewett"],"http://images.metmuseum.org/CRDImages/ap/original/ap99.29.2.jpg"
13101,"1973.123","Portrait of a Girl with Flowers",["Samuel Lovett Waldo","William Jewett"],"http://images.metmuseum.org/CRDImages/ap/original/ap1973.123.jpg"
13155,"98.9.6","Mrs. Olin Levi Warner","Olin Levi Warner","http://images.metmuseum.org/CRDImages/ap/original/98.9.6.jpg"
13331,"65.34","Portrait of a Boy, Probably of the Crossfield Family","William Williams","http://images.metmuseum.org/CRDImages/ap/original/ap65.34.jpg"
13358,"67.55.162","Convent near Rome","George Henry Yewell","http://images.metmuseum.org/CRDImages/ap/original/ap67.55.162.jpg"
13393,"1990.21.1","Self-Portrait","John Henry Brown","http://images.metmuseum.org/CRDImages/ap/original/DP168967.jpg"
13552,"83.2.154","Badge of George Washington",,"http://images.metmuseum.org/CRDImages/ad/original/25539_83.2.154.jpg"
13836,"46.106.2","Printed Piece","Henry Gardiner","http://images.metmuseum.org/CRDImages/ad/original/136855.jpg"
14353,"2006.235.144","Portrait of a Lady","James Peale","http://images.metmuseum.org/CRDImages/ap/original/APS6652.jpg"
14400,"1991.91","Portrait of a Gentleman","Louis Francis DePaul Binsse","http://images.metmuseum.org/CRDImages/ap/original/ap1991.91.jpg"
14403,"1992.71","Portrait of a Gentleman","Nathaniel Rogers","http://images.metmuseum.org/CRDImages/ap/original/ap1992.71.jpg"
14428,"2006.235.26","Portrait of a Lady","John Carlin","http://images.metmuseum.org/CRDImages/ap/original/APS6782.jpg"
14522,"2006.235.164","Portrait of a Gentleman","Nathaniel Rogers","http://images.metmuseum.org/CRDImages/ap/original/APS6541.jpg"
14997,"2006.235.281","Portrait of a Lady","Daniel F. Ames","http://images.metmuseum.org/CRDImages/ap/original/APS6898.jpg"
15008,"2006.235.251","Portrait of a Gentleman","William Russell Birch","http://images.metmuseum.org/CRDImages/ap/original/APS6774.jpg"
15009,"2006.235.308","Portrait of a Lady","David Boudon","http://images.metmuseum.org/CRDImages/ap/original/SFcs235308a.jpg"
15016,"2006.235.24","Portrait of a Gentleman","John Carlin","http://images.metmuseum.org/CRDImages/ap/original/APS6760.jpg"
15018,"2006.235.28","Portrait of a Gentleman","George Catlin","http://images.metmuseum.org/CRDImages/ap/original/APS6805.jpg"
15026,"2006.235.32","Self-portrait miniature","John Singleton Copley","http://images.metmuseum.org/CRDImages/ap/original/DP161508.jpg"
15031,"2006.235.7","Portrait of a Gentleman","Thomas Seir Cummings","http://images.metmuseum.org/CRDImages/ap/original/APS6591.jpg"
15032,"2006.235.36","Portrait of a Gentleman","Thomas Seir Cummings","http://images.metmuseum.org/CRDImages/ap/original/APS6817.jpg"
15033,"2006.235.37","Portrait of a Gentleman","Thomas Dawson","http://images.metmuseum.org/CRDImages/ap/original/APS6818.jpg"
15036,"2006.235.40","Portrait of a Gentleman","Anson Dickinson","http://images.metmuseum.org/CRDImages/ap/original/APS6822.jpg"
15052,"2006.235.58","Portrait of a Gentleman","William M. S. Doyle","http://images.metmuseum.org/CRDImages/ap/original/APS6840.jpg"
15053,"2006.235.60","Portrait of a Gentleman","William M. S. Doyle","http://images.metmuseum.org/CRDImages/ap/original/APS6842.jpg"
15063,"2006.235.68","Portrait of a Boy","Augustus Fuller","http://images.metmuseum.org/CRDImages/ap/original/APS6849.jpg"
15064,"2006.235.284","Portrait of a Gentleman","Eliza Goodridge","http://images.metmuseum.org/CRDImages/ap/original/APS6917.jpg"
15065,"2006.235.285","Portrait of a Lady","Eliza Goodridge","http://images.metmuseum.org/CRDImages/ap/original/APS6918.jpg"
15066,"2006.235.71","Portrait of a Boy","Eliza Goodridge","http://images.metmuseum.org/CRDImages/ap/original/APS6853.jpg"
15069,"2006.235.72","Portrait of a Gentleman","Sarah Goodridge","http://images.metmuseum.org/CRDImages/ap/original/APS6854.jpg"
15087,"2006.235.92","Portrait of a Lady","Charles Cromwell Ingham","http://images.metmuseum.org/CRDImages/ap/original/DP162130.jpg"
15092,"2006.235.96","Portrait of a Gentleman",,"http://images.metmuseum.org/CRDImages/ap/original/APS6881.jpg"
15095,"2006.235.287","Portrait of a Gentleman","Emanuel Leutze","http://images.metmuseum.org/CRDImages/ap/original/APS6920.jpg"
15098,"2006.235.250","Portrait of a Gentleman","William Lewis","http://images.metmuseum.org/CRDImages/ap/original/APS6773.jpg"
15106,"2006.235.107","Portrait of a Lady","Edward Dalton Marchant","http://images.metmuseum.org/CRDImages/ap/original/DP217031.jpg"
15107,"2006.235.108","Portrait of a Boy","John Alexander McDougall","http://images.metmuseum.org/CRDImages/ap/original/APS6611.jpg"
15109,"2006.235.307","Portrait of a Gentleman","John Alexander McDougall","http://images.metmuseum.org/CRDImages/ap/original/APS6709.jpg"
15115,"2006.235.304a","Portrait of a Gentleman","Edward Miles","http://images.metmuseum.org/CRDImages/ap/original/Sfcs235304a.jpg"
15122,"2006.235.117","Portrait of a Gentleman","Anna Claypoole Peale","http://images.metmuseum.org/CRDImages/ap/original/APS6621.jpg"
15134,"2006.235.133","Self-portrait","James Peale","http://images.metmuseum.org/CRDImages/ap/original/DP169296.jpg"
15135,"2006.235.141","Portrait of a Gentleman","James Peale","http://images.metmuseum.org/CRDImages/ap/original/APS6649.jpg"
15141,"2006.235.142","Portrait of a Gentleman","James Peale","http://images.metmuseum.org/CRDImages/ap/original/APS6650.jpg"
15155,"2006.235.153","Portrait of a Gentleman","Edward Crowell Potter","http://images.metmuseum.org/CRDImages/ap/original/DP217028.jpg"
15157,"2006.235.155","Portrait of a Gentleman","John Ramage","http://images.metmuseum.org/CRDImages/ap/original/APS6664.jpg"
15161,"2006.235.158","Portrait of a Gentleman","Archibald Robertson","http://images.metmuseum.org/CRDImages/ap/original/APS6667.jpg"
15162,"2006.235.159","Portrait of a Gentleman","Walter Robertson","http://images.metmuseum.org/CRDImages/ap/original/APS6923.jpg"
15168,"2006.235.224","Portrait of a Girl","Nathaniel Rogers","http://images.metmuseum.org/CRDImages/ap/original/APS6703.jpg"
15169,"2006.235.170","Portrait of a Gentleman","Nathaniel Rogers","http://images.metmuseum.org/CRDImages/ap/original/APS6680.jpg"
15174,"2006.235.176","Portrait of a Gentleman","Moses . Russell","http://images.metmuseum.org/CRDImages/ap/original/APS6686.jpg"
15175,"2006.235.236","Portrait of a Gentleman","Moses . Russell","http://images.metmuseum.org/CRDImages/ap/original/APS6706.jpg"
15177,"2006.235.295","Portrait of a Lady","Moses . Russell","http://images.metmuseum.org/CRDImages/ap/original/APS6904.jpg"
15178,"2006.235.296","Portrait of a Lady","Moses . Russell","http://images.metmuseum.org/CRDImages/ap/original/APS6905.jpg"
15179,"2006.235.173","Portrait of a Lady","Moses . Russell","http://images.metmuseum.org/CRDImages/ap/original/APS6683.jpg"
15185,"2006.235.183","Portrait of a Lady","William Harrison Scarborough","http://images.metmuseum.org/CRDImages/ap/original/APS6694.jpg"
15196,"2006.235.196","Portrait of a Lady",,"http://images.metmuseum.org/CRDImages/ap/original/DP217067.jpg"
15201,"2006.235.202","Portrait of a Lady","Thomas Sully","http://images.metmuseum.org/CRDImages/ap/original/APS6725.jpg"
15205,"2006.235.204","Portrait of a Lady","William John Thomson","http://images.metmuseum.org/CRDImages/ap/original/APS6727.jpg"
15213,"2006.235.210","Portrait of a Gentleman",,"http://images.metmuseum.org/CRDImages/ap/original/APS6734.jpg"
15215,"2006.235.248","Portrait of a Lady",,"http://images.metmuseum.org/CRDImages/ap/original/APS6770.jpg"
15223,"2006.235.264","Portrait of a Gentleman","William Verstille","http://images.metmuseum.org/CRDImages/ap/original/APS6577.jpg"
15234,"2006.235.290","Portrait of a Gentleman","Carl Weinedel","http://images.metmuseum.org/CRDImages/ap/original/APS6899.jpg"
15237,"2006.235.94","Portrait of a Gentleman","James Whitehorne","http://images.metmuseum.org/CRDImages/ap/original/APS6879.jpg"
15238,"2006.235.276","Portrait of a Gentleman","Henry Williams","http://images.metmuseum.org/CRDImages/ap/original/APS6802.jpg"
15239,"2006.235.275","Portrait of a Lady","Henry Williams","http://images.metmuseum.org/CRDImages/ap/original/APS6801.jpg"
15240,"2006.235.278","Portrait of a Gentleman","Joseph Wood","http://images.metmuseum.org/CRDImages/ap/original/APS6803.jpg"
15247,"2006.235.235","Portrait of a Gentleman",,"http://images.metmuseum.org/CRDImages/ap/original/APS6757.jpg"
15250,"2006.235.249","Portrait of a Gentleman",,"http://images.metmuseum.org/CRDImages/ap/original/APS6772.jpg"
15254,"2006.235.305","Portrait of a Lady",,"http://images.metmuseum.org/CRDImages/ap/original/APS6914.jpg"
15257,"2006.235.220","Portrait of a Lady",,"http://images.metmuseum.org/CRDImages/ap/original/APS6744.jpg"
15261,"2006.235.242","Portrait of a Lady",,"http://images.metmuseum.org/CRDImages/ap/original/APS6763.jpg"
15265,"2006.235.217","Portrait of a Child",,"http://images.metmuseum.org/CRDImages/ap/original/APS6741.jpg"
15266,"2006.235.190","Portrait of a Baby",,"http://images.metmuseum.org/CRDImages/ap/original/APS6712.jpg"
15269,"2006.235.244","Portrait of a Lady",,"http://images.metmuseum.org/CRDImages/ap/original/APS6765.jpg"
15274,"2006.235.229","Portrait of a Gentleman",,"http://images.metmuseum.org/CRDImages/ap/original/APS6753.jpg"
15275,"2006.235.65","Portrait of a Lady",,"http://images.metmuseum.org/CRDImages/ap/original/APS6847.jpg"
15281,"2006.235.292","Portrait of a Boy",,"http://images.metmuseum.org/CRDImages/ap/original/APS6901.jpg"
15295,"2006.235.59","Portrait of a Lady",,"http://images.metmuseum.org/CRDImages/ap/original/APS6886.jpg"
15305,"2006.235.119","Portrait of a Lady","Anna Claypoole Peale","http://images.metmuseum.org/CRDImages/ap/original/APS6625.jpg"
15309,"2006.235.231","Portrait of a Gentleman",,"http://images.metmuseum.org/CRDImages/ap/original/APS6754.jpg"
15451,"50.130.148t recto","Woman Sketching, Various Portrait Studies (from Switzerland 1870 Sketchbook)","John Singer Sargent","http://images.metmuseum.org/CRDImages/ap/original/244401.jpg"
15481,"1992.311.1","Portrait of a Gentleman","William Verstille","http://images.metmuseum.org/CRDImages/ap/original/DP105575.jpg"
15541,"1996.279","Hugh Hall","John Singleton Copley","http://images.metmuseum.org/CRDImages/ap/original/DT55.jpg"
15575,"50.130.149rr verso","Standing Javanese Dancer, Face, Composition Study (from Sketchbook of Javanese Dancers)","John Singer Sargent","http://images.metmuseum.org/CRDImages/ap/original/298963.jpg"
155779,"2009.300.1101","Headdress",,"http://images.metmuseum.org/CRDImages/ci/original/31.452_31.453_front_CP4.jpg"
155783,"2009.300.1105","Headdress",,"http://images.metmuseum.org/CRDImages/ci/original/31.469_CP4.jpg"
155785,"2009.300.1107","Headdress",,"http://images.metmuseum.org/CRDImages/ci/original/31.471_31.465_front_CP4.jpg"
155786,"2009.300.1108","Headdress",,"http://images.metmuseum.org/CRDImages/ci/original/31.474_front_CP4.jpg"
15588,"1996.563","Portrait of a Gentleman","Henry Benbridge","http://images.metmuseum.org/CRDImages/ap/original/DT57.jpg"
156132,"2009.300.1419","Headdress",,"http://images.metmuseum.org/CRDImages/ci/original/31.463_CP4.jpg"
156134,"2009.300.1420","Wedding headdress",,"http://images.metmuseum.org/CRDImages/ci/original/31.468_CP4.jpg"
156518,"2009.300.1767","Coin purse",,"http://images.metmuseum.org/CRDImages/ci/original/41.150_CP4.jpg"
157135,"2009.300.2322a–c","Ensemble",,"http://images.metmuseum.org/CRDImages/ci/original/31.440_31.441_31.442_front_CP4.jpg"
157146,"2009.300.2332","Cap",,"http://images.metmuseum.org/CRDImages/ci/original/35.1240_CP3.jpg"
157612,"2009.300.2750","Orphrey",,"http://images.metmuseum.org/CRDImages/ci/original/49.216_CP4.jpg"
15917,"2006.235.324","Portrait of Three Boys","Thomas Badger","http://images.metmuseum.org/CRDImages/ap/original/SFcs324.jpg"
16144,"36.124gg verso","Portrait of Willard Parker, 1871 (from Sketchbook)","Daniel Huntington","http://images.metmuseum.org/CRDImages/ap/original/264364.jpg"
16165,"1998.326.13","Self-Portrait","Virginia Hendrickson Irvin","http://images.metmuseum.org/CRDImages/ap/original/DP105492.jpg"
16211,"33.176.4","Bust and Full Length Figure (from Sketchbook)","Asher Brown Durand","http://images.metmuseum.org/CRDImages/ap/original/263739.jpg"
16355,"53.182.19 verso","Charles I, after Van Dyke Dismounted Equestrian Portrait; Colonel George Kitts Coussmaker, after Reynolds (from Sketchbook)","Thomas Sully","http://images.metmuseum.org/CRDImages/ap/original/266730.jpg"
16376,"53.182.27 verso","Study of Clouds; Two Female Nudes (after Michelangelo?); Two Half-length Female Portraits; Equestrian Figure with Two Men (from Sketchbook)","Thomas Sully","http://images.metmuseum.org/CRDImages/ap/original/266438.jpg"
16415,"1998.476","Samuel F. B. Morse","Byron M. Pickett","http://images.metmuseum.org/CRDImages/ap/original/268845.jpg"
16453,"53.182.33 recto","Portrait of Girl in Flower Bower, Walking Draped Female Figure, Angel, Dead Mother and Child, Three Draped Figures (from Sketchbook)","Thomas Sully","http://images.metmuseum.org/CRDImages/ap/original/266448.jpg"
16483,"53.182.47 verso","Portrait of [Poussin?]; Landscape Composition; Two Women; Woman and Child; Baby (from Sketchbook)","Thomas Sully","http://images.metmuseum.org/CRDImages/ap/original/266476.jpg"
16502,"53.182.72 verso","Portrait of Seated Man; Bust of Contemplative Dante; Child Leaning on a Woman's Lap (from Sketchbook)","Thomas Sully","http://images.metmuseum.org/CRDImages/ap/original/266530.jpg"
16507,"53.182.75 recto","Half-length Portrait of a Woman Seated Before a Window (after Lawrence?) (from Sketchbook)","Thomas Sully","http://images.metmuseum.org/CRDImages/ap/original/266535.jpg"
16511,"53.182.81 verso","Portrait of Man (from Sketchbook)","Thomas Sully","http://images.metmuseum.org/CRDImages/ap/original/266551.jpg"
16533,"1979.581.24","Bust Portrait of George Washington (from Sketchbook)","John William Casilear","http://images.metmuseum.org/CRDImages/ap/original/263698.jpg"
16594,"2008.249.2","Ebenezer Storer II","John Singleton Copley","http://images.metmuseum.org/CRDImages/ap/original/DP227602.jpg"
16691,"1985.351.2 verso","Study for a Bust Portrait of a Young Man (from Sketchbook)","John Quincy Adams Ward","http://images.metmuseum.org/CRDImages/ap/original/266082.jpg"
16731,"54.181 verso","Portrait of a Man","Thomas Sully","http://images.metmuseum.org/CRDImages/ap/original/ap54.181 verso.jpg"
16858,"2000.484","Portrait of a Boy","Miss Leland","http://images.metmuseum.org/CRDImages/ap/original/DP161491.jpg"
16859,"2000.452.1","Self-portrait","Thomas Seir Cummings","http://images.metmuseum.org/CRDImages/ap/original/DP105587.jpg"
16860,"2000.452.2","Portrait of a Lady","Thomas Seir Cummings","http://images.metmuseum.org/CRDImages/ap/original/DP105588.jpg"
16861,"2000.452.3","Portrait of a Lady",,"http://images.metmuseum.org/CRDImages/ap/original/DP105589.jpg"
16885,"26.216.68 verso","Sketches: Cows; Two Female Portraits, One Crossed Out (from McGuire Scrapbook)","Emanuel Leutze","http://images.metmuseum.org/CRDImages/ap/original/267798.jpg"
16907,"2001.95","Portrait of a Gentleman and His Daughter","Francois M. Guyol de Guiran","http://images.metmuseum.org/CRDImages/ap/original/DP162123.jpg"
17075,"2001.693","Portrait of a Gentleman","Nathaniel Rogers","http://images.metmuseum.org/CRDImages/ap/original/ap2001.693.jpg"
17578,"2003.484 recto","Portrait of a Woman","Clara D. Davidson","http://images.metmuseum.org/CRDImages/ap/original/SFTR4082003r.jpg"
17660,"2003.520","Portrait of a Lady",["Henry Inman","Thomas Seir Cummings"],"http://images.metmuseum.org/CRDImages/ap/original/DT11701.jpg"
17783,"2004.109","Portrait of a Gentleman","Philippe Abraham Peticolas","http://images.metmuseum.org/CRDImages/ap/original/DP169108.jpg"
18588,"2004.285","Portrait of a Gentleman",["Henry Williams","William M. S. Doyle"],"http://images.metmuseum.org/CRDImages/ap/original/DP110801.jpg"
185921,"79.2.746","Plate",,"http://images.metmuseum.org/CRDImages/es/original/28580.jpg"
185937,"80.11.4","Head of a woman",,"http://images.metmuseum.org/CRDImages/es/original/68537.jpg"
186697,"84.8.1","Alexander I of Russia","Lorenzo Bartolini","http://images.metmuseum.org/CRDImages/es/original/32154.jpg"
186774,"85.2.83","Commemorating the Coronation Festivals. 1804.","Nicholas Guy Antoine Brenet","http://images.metmuseum.org/CRDImages/es/original/30731.jpg"
186836,"86.7.2a, b","Vase with cover (Vase des âges) (one of a pair)",["Sèvres Manufactory","Jean Michel Moreau the Younger","Charles-Nicholas Dodin","Henry-Martin Prévost"],"http://images.metmuseum.org/CRDImages/es/original/DP149970.jpg"
187165,"89.2.13","Tobacco box","Johann Heinrich Giese","http://images.metmuseum.org/CRDImages/es/original/ES80.jpg"
187211,"89.2.120","The Dagmar Cross (replica)",,"http://images.metmuseum.org/CRDImages/es/original/SF89_2_120_img1.jpg"
187968,"94.11","Portrait of Nathaniel Hawthorne, Executed for the Grolier Club, New York, 1892","Jean-Désiré Ringel d'Illzach","http://images.metmuseum.org/CRDImages/es/original/30725.jpg"
187969,"94.12","Portrait of W.H. Vanderbilt","Jean-Désiré Ringel d'Illzach","http://images.metmuseum.org/CRDImages/es/original/30726.jpg"
188031,"96.12.11,12","Marriage Token of August and Helene Bachofen von Echt","Anton Scharff","http://images.metmuseum.org/CRDImages/es/original/32103.jpg"
18830,"2005.90a, b","Portrait of a Lady","Daniel F. Ames","http://images.metmuseum.org/CRDImages/ap/original/DP118423.jpg"
188346,"97.15.24","Portrait of Adolphe Brongniart, of the Academy of Sciences, 1880","Louis-Oscar Roty","http://images.metmuseum.org/CRDImages/es/original/1865(d10.jpg"
189227,"07.95.6","Dr. J. Parrat","Paul Dubois","http://images.metmuseum.org/CRDImages/es/original/1997.jpg"
189542,"07.225.279","Bust of Henri IV in oval medallion with blue ground supported by two cupids",,"http://images.metmuseum.org/CRDImages/es/original/4187.jpg"
189643,"07.225.378.a","Child","François Duquesnoy","http://images.metmuseum.org/CRDImages/es/original/5184.jpg"
189758,"07.225.505b","Female bust on an oval medallion draped with a garland (one of a pair)",,"http://images.metmuseum.org/CRDImages/es/original/5126.jpg"
189794,"07.225.510.39a, b","Busts",,"http://images.metmuseum.org/CRDImages/es/original/DP109778.jpg"
189869,"07.225.510.118","Female bust",,"http://images.metmuseum.org/CRDImages/es/original/DP278496.jpg"
19015,"2006.7","John Neagle","Daniel Dickinson","http://images.metmuseum.org/CRDImages/ap/original/DP132146.jpg"
190710,"08.89.1a, b","Voltaire (Marie François Arouet, 1694–1778)","Jean Antoine Houdon","http://images.metmuseum.org/CRDImages/es/original/14342.jpg"
190711,"08.89.2a, b","Jean Jacques Rousseau (1712–1778)","Jean Antoine Houdon","http://images.metmuseum.org/CRDImages/es/original/117887.jpg"
190746,"08.165","George Washington (1732–1799)",["Tiffany & Co.","Jean Antoine Houdon","Ferdinand Barbedienne"],"http://images.metmuseum.org/CRDImages/es/original/121469.jpg"
191095,"09.10.3","In honor of the Episcopal Jubilee of Cardinal Oppizzoni, Archbishop of Bologna","Maldini","http://images.metmuseum.org/CRDImages/es/original/5047.jpg"
191115,"09.47.1","The Lincoln Centenary, 1909","Jules Èdouard Roiné","http://images.metmuseum.org/CRDImages/es/original/5892.jpg"
191127,"09.112.1","In Honor of the 300th Anniversary of the Birth of Gustavus Adolphus","Adolf Lindberg","http://images.metmuseum.org/CRDImages/es/original/6039.jpg"
191489,"10.116.1","Victor Amadeus III of Savoy, IV of Sardinia (born 1726, reigned 1773–96)",,"http://images.metmuseum.org/CRDImages/es/original/8135.jpg"
191566,"10.125.628","Portrait",,"http://images.metmuseum.org/CRDImages/es/original/17618.jpg"
191567,"10.125.629","Portrait",,"http://images.metmuseum.org/CRDImages/es/original/17619.jpg"
191818,"11.182.1","Francesco Sforza (1401–1466), Fourth Duke of Milan (r. 1450–66)",,"http://images.metmuseum.org/CRDImages/es/original/11567.jpg"
191850,"12.12.6","The Head of Mrs. Russell","Auguste Rodin","http://images.metmuseum.org/CRDImages/es/original/ES267.jpg"
19230,"15.152.5","Portrait of Paul de Kock","John Sloan","http://images.metmuseum.org/CRDImages/ap/original/sf15.152.5.jpg"
19232,"16.84","Head of a Spanish Peasant","Gertrude Vanderbilt Whitney","http://images.metmuseum.org/CRDImages/ap/original/34087.jpg"
192325,"13.92.2","Portrait of Hercules I (d'Este), 1431-1505, Second Duke of Ferrara","Foligno","http://images.metmuseum.org/CRDImages/es/original/16630.jpg"
192362,"13.155","Saint John the Baptist",,"http://images.metmuseum.org/CRDImages/es/original/18806.jpg"
192363,"13.157.1a, b","Renaissance-style bust of the boy Christ",,"http://images.metmuseum.org/CRDImages/es/original/18829.jpg"
19260,"1996.552","Portrait of a Girl","Robert Henri","http://images.metmuseum.org/CRDImages/ap/original/262458.jpg"
192711,"14.40.670","Louise Brongniart","Jean Antoine Houdon","http://images.metmuseum.org/CRDImages/es/original/DP105161.jpg"
192715,"14.40.674","Cardinal Guillaume d'Estouteville (1403–1483), Bishop of Ostia and Cardinal Archbishop of Rouen","Mino da Fiesole (Mino di Giovanni)","http://images.metmuseum.org/CRDImages/es/original/DP241472.jpg"
192717,"14.40.676","Julius Caesar","Andrea di Pietro di Marco Ferrucci","http://images.metmuseum.org/CRDImages/es/original/ES7940.jpg"
192723,"14.40.683","Henri III (1551–1589)","Germain Pilon","http://images.metmuseum.org/CRDImages/es/original/23403.jpg"
192728,"14.40.688","Young St. John the Baptist","Mino da Fiesole (Mino di Giovanni)","http://images.metmuseum.org/CRDImages/es/original/23392.jpg"
192742,"14.40.701","Portrait of an unidentified gentleman","Léonard Limosin","http://images.metmuseum.org/CRDImages/es/original/150677.jpg"
192859,"14.58.133","John Paul Jones (d. 1792)","Jean Antoine Houdon","http://images.metmuseum.org/CRDImages/es/original/22389.jpg"
192901,"14.58.235","George Washington","Giuseppe Ceracchi","http://images.metmuseum.org/CRDImages/es/original/DT2029.jpg"
193106,"14.132.2","Democritus",["Wedgwood  Bentley","Anthony Keeling"],"http://images.metmuseum.org/CRDImages/es/original/26785.jpg"
19322,"58.157","The Masquerade Dress","Robert Henri","http://images.metmuseum.org/CRDImages/ap/original/DT1362.jpg"
193602,"17.190.630","Standing cup","Wolff Christoff Ritter","http://images.metmuseum.org/CRDImages/es/original/DP143692.jpg"
193706,"17.190.965","Pendant (one of a pair)",,"http://images.metmuseum.org/CRDImages/es/original/DP154238.jpg"
193707,"17.190.966","Pendant (one of a pair)",,"http://images.metmuseum.org/CRDImages/es/original/DP156275.jpg"
19376,"2006.444","Portrait of a Boy",,"http://images.metmuseum.org/CRDImages/ap/original/DP146262.jpg"
194002,"17.190.1408","Boy Saint John","Giovanni della Robbia","http://images.metmuseum.org/CRDImages/es/original/87897171.jpg"
19431,"2007.19","Portrait of a Man","Gerrit Schipper","http://images.metmuseum.org/CRDImages/ap/original/6212006.jpg"
194448,"17.190.2103","Child",,"http://images.metmuseum.org/CRDImages/es/original/40282.jpg"
194523,"18.70.26","Saint Antonino, Dominican Archbishop of Florence (b. 1389, archbishop 1446, d. 1459)","Giovanni della Robbia","http://images.metmuseum.org/CRDImages/es/original/40434.jpg"
194545,"19.29","Bust of a man","Joseph Chinard","http://images.metmuseum.org/CRDImages/es/original/DP224282.jpg"
194652,"21.22","Virgin Mary (probably)","Mino da Fiesole (Mino di Giovanni)","http://images.metmuseum.org/CRDImages/es/original/47526.jpg"
194671,"21.59","Luisa Deti (d. 1557)","Ippolito Buzio","http://images.metmuseum.org/CRDImages/es/original/ES705.jpg"
195072,"24.77","The American Soldier","Sir Jacob Epstein","http://images.metmuseum.org/CRDImages/es/original/119597.jpg"
195314,"25.99","Bacchante with vine leaves","Jean-Baptiste Carpeaux","http://images.metmuseum.org/CRDImages/es/original/172224.jpg"
195377,"25.142.27","Borso d'Este, First Duke of Ferrara","Petrecino of Florence","http://images.metmuseum.org/CRDImages/es/original/61744.jpg"
195458,"26.101.8","Child","Pierino da Vinci","http://images.metmuseum.org/CRDImages/es/original/63472.jpg"
195533,"26.260.26","Louis XVI (1754–1793, r. 1774–93)",["Sèvres Manufactory","Jean-Etienne Mascret"],"http://images.metmuseum.org/CRDImages/es/original/66040.jpg"
196030,"27.185.280","Beaker",,"http://images.metmuseum.org/CRDImages/es/original/69610.jpg"
196378,"28.193","Louis Nicolas Victor de Félix, Comte du Muy and Marshal of France (1711–1775)","Jean Jacques Caffiéri","http://images.metmuseum.org/CRDImages/es/original/ES4754.jpg"
196382,"28.217.3","Portrait of a lady",,"http://images.metmuseum.org/CRDImages/es/original/ES7750.jpg"
196482,"29.100.413","Study for a portrait of Mathilde Salle","Edgar Degas","http://images.metmuseum.org/CRDImages/es/original/76493.jpg"
196696,"30.135.13","Bust of a man",,"http://images.metmuseum.org/CRDImages/es/original/81174.jpg"
196773,"31.33.155","To Commemorate the Pazzi Conspiracy, 1478.","Bertoldo di Giovanni","http://images.metmuseum.org/CRDImages/es/original/82443.jpg"
197107,"32.100.251","Portrait of Jeanne de Genouillac",,"http://images.metmuseum.org/CRDImages/es/original/150680.jpg"
19719,"2007.362a, b","Joseph Barrell, Jr. (1765-1801)","Nathaniel Hancock","http://images.metmuseum.org/CRDImages/ap/original/DP157092.jpg"
197226,"32.100.378","The Eagle of Sestos","Fra Xanto Avelli da Rovigo","http://images.metmuseum.org/CRDImages/es/original/DP154243.jpg"
197475,"34.91","Félicité Sophie de Lannion, Duchesse de La Rochefoucauld, at the Age of 29 Years (1745–1830)","Jean-Baptiste Lemoyne the Younger","http://images.metmuseum.org/CRDImages/es/original/ES5995.jpg"
197498,"34.165.22","Portrait of Dr. Henry Sacheverell",,"http://images.metmuseum.org/CRDImages/es/original/ES1076.jpg"
19773,"2008.97","Portrait of a Lady","Frederick R. Spencer","http://images.metmuseum.org/CRDImages/ap/original/DP162981.jpg"
197820,"36.159.2","Charles I",,"http://images.metmuseum.org/CRDImages/es/original/DP159496.jpg"
198165,"38.145.38","Marie Louise (1791–1847), Empress of the French, Second Wife of Napoleon Bonaparte","Giovanni Antonio Santarelli","http://images.metmuseum.org/CRDImages/es/original/116281.jpg"
198179,"38.145.145","Portrait of a man",,"http://images.metmuseum.org/CRDImages/es/original/130331.jpg"
198244,"38.145.215","Portrait medallion",,"http://images.metmuseum.org/CRDImages/es/original/130368.jpg"
198275,"38.150.14","Head of Hercules with the lion's skin and bust of Omphale",,"http://images.metmuseum.org/CRDImages/es/original/SF38_150_14_img1.jpg"
198281,"38.150.20","Bust of a woman",,"http://images.metmuseum.org/CRDImages/es/original/120902.jpg"
198285,"38.150.24","Head of a maiden",,"http://images.metmuseum.org/CRDImages/es/original/117547.jpg"
198337,"39.22.13","Bust of the Emperor Vespasian (Titus Flavius Vespasianus, 9-79)",,"http://images.metmuseum.org/CRDImages/es/original/SF39_22_13.jpg"
198340,"39.22.16","Head of a youth and Agnus Dei with arms of Paul V (Camillo Borghese, Pope 1605-1621)",,"http://images.metmuseum.org/CRDImages/es/original/SF39_22_16_img1.jpg"
198356,"39.22.32","Head of Jupiter",,"http://images.metmuseum.org/CRDImages/es/original/SF39_22_32.jpg"
198365,"39.22.41","Confronted busts of the Emperor Hadrian (Publius Aelius Hadrianus, 76-138) and his favorite, Antinous (d. 130)",,"http://images.metmuseum.org/CRDImages/es/original/SF39_22_41.jpg"
198369,"39.22.45","Jugate portrait of a couple in Roman style","Giovanni Pichler","http://images.metmuseum.org/CRDImages/es/original/SF39_22_45_img1.jpg"
198558,"39.180.2","Portrait of a man",,"http://images.metmuseum.org/CRDImages/es/original/120058.jpg"
198569,"40.14.2a, b","Bust of Christ",,"http://images.metmuseum.org/CRDImages/es/original/120289.jpg"
198605,"40.20.24","Bust of Jupiter",,"http://images.metmuseum.org/CRDImages/es/original/SF40_20_24.jpg"
198617,"40.20.36","Bust of a young woman","Giuseppe Girometti","http://images.metmuseum.org/CRDImages/es/original/SF40_20_36.jpg"
198625,"40.20.44","Bust of a bacchante","Nicola Morelli","http://images.metmuseum.org/CRDImages/es/original/SF40_20_44.jpg"
198713,"41.78","Catherine II of Russia","Philippe de Lasalle","http://images.metmuseum.org/CRDImages/es/original/123886.jpg"
198759,"41.100.237","Boy holding a dog","Tommaso Fiamberti","http://images.metmuseum.org/CRDImages/es/original/124686.jpg"
198760,"41.100.238","Saint John the Baptist","Antonio Rossellino","http://images.metmuseum.org/CRDImages/es/original/219354.jpg"
198765,"41.100.243","Louis of France, Grand Dauphin (1661–1711)","François Girardon","http://images.metmuseum.org/CRDImages/es/original/124689(D.jpg"
198766,"41.100.244","Louis XV (1710–1774), King of France",["Jean-Baptiste Lemoyne the Younger","Mme de Pompadour"],"http://images.metmuseum.org/CRDImages/es/original/DP217996.jpg"
199000,"41.190.479","Bust of a gentleman in contemporary dress",,"http://images.metmuseum.org/CRDImages/es/original/130212.jpg"
199091,"42.76.24","Coenraad Jacob Temminck",["Josiah Wedgwood  Sons","Josiah Wedgwood"],"http://images.metmuseum.org/CRDImages/es/original/128583_.jpg"
199094,"42.76.27","Frederick Augustus, Duke of York",["Josiah Wedgwood  Sons","Josiah Wedgwood"],"http://images.metmuseum.org/CRDImages/es/original/128586.jpg"
199098,"42.76.31","Warren Hastings",["Josiah Wedgwood  Sons","Josiah Wedgwood"],"http://images.metmuseum.org/CRDImages/es/original/128590.jpg"
199101,"42.76.35","Ferdinand, Duke of Brunswick",["Josiah Wedgwood  Sons","Josiah Wedgwood"],"http://images.metmuseum.org/CRDImages/es/original/128593.jpg"
199671,"45.128.2","George Washington",["Charles Willson Peale","Louis Jacques Pilon"],"http://images.metmuseum.org/CRDImages/es/original/135250.jpg"
199721,"46.85.14","Storage jar (Albarello) with profile portrait",,"http://images.metmuseum.org/CRDImages/es/original/DP269836.jpg"
199733,"46.85.26","Two-handled storage jar with the Orsini arms and the profile head of a man",,"http://images.metmuseum.org/CRDImages/es/original/136538.jpg"
199763,"46.123.1","Unidentified woman","Jean-Baptiste Lemoyne the Younger","http://images.metmuseum.org/CRDImages/es/original/136999.jpg"
200152,"48.187.120a, b","Box (one of a pair) (part of a toilet service)","Jean-Baptiste Boullemer","http://images.metmuseum.org/CRDImages/es/original/146011.jpg"
200564,"49.7.70","Madame de Pompadour (1721–1764)","Jean-Baptiste Pigalle","http://images.metmuseum.org/CRDImages/es/original/DP221962.jpg"
200565,"49.7.71a–c","Portrait of a girl",,"http://images.metmuseum.org/CRDImages/es/original/147767.jpg"
200567,"49.7.73","Geneviève-Françoise Randon de Malboissière (1740–1766)","Jean-Baptiste Lemoyne the Younger","http://images.metmuseum.org/CRDImages/es/original/ES4844.jpg"
200663,"50.145.61","Henry IV","Joseph Rosset","http://images.metmuseum.org/CRDImages/es/original/148275.jpg"
200668,"50.145.66","Sabine Houdon (1787–1836)","Jean Antoine Houdon","http://images.metmuseum.org/CRDImages/es/original/DP242660.jpg"
200691,"50.187.15","Carus (Marcus Aurelius Carus)","Josiah Wedgwood","http://images.metmuseum.org/CRDImages/es/original/148917.jpg"
200717,"50.187.42","Portrait of a lady","Antonio Abondio","http://images.metmuseum.org/CRDImages/es/original/149031.jpg"
200718,"50.187.43","Portrait of a lady","Antonio Abondio","http://images.metmuseum.org/CRDImages/es/original/149032.jpg"
200770,"50.211.55","Sauceboat","Vauxhall","http://images.metmuseum.org/CRDImages/es/original/148724.jpg"
201593,"53.201","Cardinal Scipione Borghese (1576–1633)","Giuliano Finelli","http://images.metmuseum.org/CRDImages/es/original/DP249585.jpg"
201876,"55.216.1","Bust of a Spanish nobleman","Alcora factory","http://images.metmuseum.org/CRDImages/es/original/ES1736.jpg"
201893,"56.97","Head of the Virgin Annunciate",,"http://images.metmuseum.org/CRDImages/es/original/161272.jpg"
201925,"56.232","Dr. Elias A. Lowe","Sir Jacob Epstein","http://images.metmuseum.org/CRDImages/es/original/162490.jpg"
202585,"61.220.3","Cream jug (part of a service)","Samuel Hennell","http://images.metmuseum.org/CRDImages/es/original/ES1856.jpg"
203110,"64.101.107","Child","Meissen Manufactory","http://images.metmuseum.org/CRDImages/es/original/183932.jpg"
203111,"64.101.108","Wax model for the bust of a child","Meissen Manufactory","http://images.metmuseum.org/CRDImages/es/original/183932.jpg"
203305,"64.101.418a, b","King George II, 1683–1727 (reigned 1727–60)",,"http://images.metmuseum.org/CRDImages/es/original/DP252832.jpg"
203491,"64.101.648","Bust of Harlequin","Chelsea Porcelain Manufactory","http://images.metmuseum.org/CRDImages/es/original/ES4199.jpg"
203517,"64.101.676 ab","Female bust","Chelsea Porcelain Manufactory","http://images.metmuseum.org/CRDImages/es/original/ES4199.jpg"
203620,"64.101.802","Prince George",,"http://images.metmuseum.org/CRDImages/es/original/ES2031.jpg"
203893,"64.101.1223","Mirror","Johannes Hannart ( Jan Hanat)","http://images.metmuseum.org/CRDImages/es/original/DP105758.jpg"
203904,"64.101.1331a, b","Portrait of George II (reigned 1727–60)",["John van Beaver","Robert Baillie"],"http://images.metmuseum.org/CRDImages/es/original/DP130340.jpg"
204012,"64.101.1630","Louis XV","Jean-Baptiste Lemoyne the Younger","http://images.metmuseum.org/CRDImages/es/original/DT229157.jpg"
204269,"64.164.173","Joseph (from a nativity)",,"http://images.metmuseum.org/CRDImages/es/original/DP105184.jpg"
204684,"66.129a, b","Marquis Jean Deydé (1617–1687)","Christophe Veyrier","http://images.metmuseum.org/CRDImages/es/original/ES4880.jpg"
204706,"66.210a, b","Samuel Bernard (1651–1739)","Guillaume Coustou the Elder","http://images.metmuseum.org/CRDImages/es/original/DP234067.jpg"
204840,"68.82","Bust of Voltaire","Paul-Louis Cyfflé","http://images.metmuseum.org/CRDImages/es/original/189410.jpg"
204850,"68.141.10","Young St. John the Baptist","Antonio Lombardo","http://images.metmuseum.org/CRDImages/es/original/DP200062.jpg"
204856,"68.141.22","Bust of a Roman",,"http://images.metmuseum.org/CRDImages/es/original/ES2179.jpg"
205109,"69.82","Giovanni Andrea Muti","Bernardino Cametti","http://images.metmuseum.org/CRDImages/es/original/191052.jpg"
205149,"69.253","Saint John the Baptist","Mino da Fiesole (Mino di Giovanni)","http://images.metmuseum.org/CRDImages/es/original/192535.jpg"
205258,"1970.265","Cardinal Giuseppe Maria Feroni (1699–1767)","André Jean Lebrun","http://images.metmuseum.org/CRDImages/es/original/195246.jpg"
205459,"1972.61","Voltaire (François Marie Arouet de Voltaire) (1696–1778)","Jean Antoine Houdon","http://images.metmuseum.org/CRDImages/es/original/ES7495.jpg"
205514,"1973.184.1","Georges-Louis-Leclerc, comte de Buffon (1707–1788)","Jean Antoine Houdon","http://images.metmuseum.org/CRDImages/es/original/204908.jpg"
205689,"1974.28.190","Welcome panel",,"http://images.metmuseum.org/CRDImages/es/original/ES2318.jpg"
205710,"1974.232.2","The Happy Family",["Meissen Manufactory","Johann Joachim Kändler"],"http://images.metmuseum.org/CRDImages/es/original/ES2323.jpg"
206036,"1974.356.515","Bust of a laughing boy",["Nymphenburg Porcelain Manufactory","Franz Anton Bustelli"],"http://images.metmuseum.org/CRDImages/es/original/205204.jpg"
206321,"1975.87","Triptych","The Kremlin Armory Workshops, Moscow","http://images.metmuseum.org/CRDImages/es/original/ES4722.jpg"
206345,"1975.433.2","Lady",,"http://images.metmuseum.org/CRDImages/es/original/ES2574.jpg"
206561,"1976.242","Boy as Cupid","Joseph Chinard","http://images.metmuseum.org/CRDImages/es/original/ES2780.jpg"
206710,"1978.1","Bust of a girl veiled and crowned with flowers","Pierre Julien","http://images.metmuseum.org/CRDImages/es/original/ES4832.jpg"
207011,"1982.60.106","Paolo Giordano II Orsini, Duke of Bracciano","Johann Jakob Kornmann","http://images.metmuseum.org/CRDImages/es/original/DT8928.jpg"
207029,"1982.60.126","Girl Braiding her Hair","Barthélemy Prieur","http://images.metmuseum.org/CRDImages/es/original/ES7371.jpg"
207478,"1984.135","Young woman","Mino da Fiesole (Mino di Giovanni)","http://images.metmuseum.org/CRDImages/es/original/237112.jpg"
207491,"1984.364.8","Head of Nijinsky",["Auguste Rodin","Alexis Rudier"],"http://images.metmuseum.org/CRDImages/es/original/241976.jpg"
207543,"1985.333","Pedrolino",["Cozzi manufactory","Johann Esaias Nilson"],"http://images.metmuseum.org/CRDImages/es/original/DP144794.jpg"
207570,"1986.157.1","Saint John the Evangelist","Hendrik-Frans Verbruggen","http://images.metmuseum.org/CRDImages/es/original/239844.jpg"
207683,"1987.87","Girl in a Straw Bonnet","Albert-Ernest Carrier-Belleuse","http://images.metmuseum.org/CRDImages/es/original/DP236921.jpg"
207805,"1989.290","Rachel Fanny Antonina Le Despencer","John Bacon the Younger","http://images.metmuseum.org/CRDImages/es/original/ES4759.jpg"
208148,"1993.332.1","Cosimo III de' Medici (1642–1723), Grand Duke of Tuscany","Giovanni Battista Foggini","http://images.metmuseum.org/CRDImages/es/original/DP246610.jpg"
208173,"1994.42","Portrait of a young woman","Henri, Baron de Triqueti","http://images.metmuseum.org/CRDImages/es/original/ES5473.jpg"
208183,"1994.295a, b","Arthur Wellesley (1769–1852), 1st Duke of Wellington","Sir Francis Chantrey","http://images.metmuseum.org/CRDImages/es/original/ES5535.jpg"
2082,"X.139.1","Cloak Pin",,"http://images.metmuseum.org/CRDImages/ad/original/69013.jpg"
2084,"X.139.3","Cloak Pin",,"http://images.metmuseum.org/CRDImages/ad/original/69015.jpg"
2086,"X.139.5","Cloak Pin",,"http://images.metmuseum.org/CRDImages/ad/original/69017.jpg"
2087,"X.139.6","Cloak Pin",,"http://images.metmuseum.org/CRDImages/ad/original/69018.jpg"
208803,"X.232","Alexander Hamilton","Giuseppe Ceracchi","http://images.metmuseum.org/CRDImages/es/original/118753.jpg"
208887,"1977.22.9","Plate (part of a set)",,"http://images.metmuseum.org/CRDImages/es/original/216404.jpg"
209001,"27.21.5","The Age of Innocence","A. Drury","http://images.metmuseum.org/CRDImages/es/original/66896.jpg"
209075,"1979.275.2","Laurence Sterne (1713–1768)","Joseph Nollekens","http://images.metmuseum.org/CRDImages/es/original/ES2732.jpg"
209124,"41.190.493c","Panel (part of a set)","Nicolas Castille","http://images.metmuseum.org/CRDImages/es/original/129563.jpg"
209190,"1976.422.6","Portrait of a lady","Norbert Michael Schrödl","http://images.metmuseum.org/CRDImages/es/original/216153.jpg"
209422,"1999.341","Bust of a gentleman","John Gibson","http://images.metmuseum.org/CRDImages/es/original/268843.jpg"
210063,"1999.525","Jugate busts of Czarevitch Paul and Maria Feodorovna of Russia",["James Tassie","Empress Maria Feodorovna"],"http://images.metmuseum.org/CRDImages/es/original/DP100528.jpg"
210670,"2000.630.2","Bust of a young woman","Jean-Pierre Dantan the Younger","http://images.metmuseum.org/CRDImages/es/original/ES7905.jpg"
211509,"2003.130","Ferdinand Barbedienne",,"http://images.metmuseum.org/CRDImages/es/original/SF2003_130.jpg"
217360,"09.50.2756","Portrait of a child",,"http://images.metmuseum.org/CRDImages/es/original/AR774.jpg"
21986,"04.3.235a, b","Visored Bascinet",,"http://images.metmuseum.org/CRDImages/aa/original/sfeah04-3-235CRs4.jpg"
219919,"17.92.3","Pictorial print",,"http://images.metmuseum.org/CRDImages/es/original/35963.jpg"
221474,"23.163.3","Head of a Woman",["Morris & Company","Sir Edward Burne-Jones","Merton Abbey Tapestry Works"],"http://images.metmuseum.org/CRDImages/es/original/SC77394.jpg"
221525,"24.109.101","Stuart's Faneuil Hall portrait of Washington",,"http://images.metmuseum.org/CRDImages/es/original/DP2600.jpg"
227726,"53.225.9","The Festival of Psyche, with Bacchus from a set of Mythological Subjects after Giulio Romano",["Giulio Romano","Louis XIV, King of France","Manufacture Nationale des Gobelins","Antoine Coypel","Jean Jans the Younger","Bon Boullogne"],"http://images.metmuseum.org/CRDImages/es/original/173274.jpg"
227729,"53.225.14","Anthony Van Dyck, Self Portrait",["Anthony van Dyck","Imperial Russian Tapestry Manufactory, Saint Petersburg"],"http://images.metmuseum.org/CRDImages/es/original/173288.jpg"
228851,"62.105","Portrait of Countess Elizabeth Romanovna Vorontsova (1739–1792)",["Imperial Russian Tapestry Manufactory, Saint Petersburg","Jean Baptiste Rondet"],"http://images.metmuseum.org/CRDImages/es/original/176539.jpg"
228882,"63.55.1","Piece","D. Richards","http://images.metmuseum.org/CRDImages/es/original/177128.jpg"
229059,"64.101.1363","Burse",,"http://images.metmuseum.org/CRDImages/es/original/DP158601.jpg"
232048,"48.187.121a, b","Box (one of a pair) (part of a toilet service)","Jean-Baptiste Boullemer","http://images.metmuseum.org/CRDImages/es/original/146013.jpg"
2330,"83.2.326a","Portrait Miniature of the Marquis de Lafayette",,"http://images.metmuseum.org/CRDImages/ad/original/25676.jpg"
239903,"74.51.318","Glass double head-shaped flask",,"http://images.metmuseum.org/CRDImages/gr/original/DP233495.jpg"
239949,"74.51.364","Terracotta pyxis (cosmetic box)",,"http://images.metmuseum.org/CRDImages/gr/original/GR384_74.51.364.jpg"
240994,"74.51.1439","Head of a deity (Melqart?)",,"http://images.metmuseum.org/CRDImages/gr/original/DP100578.jpg"
240998,"74.51.1443","Terracotta head of a man",,"http://images.metmuseum.org/CRDImages/gr/original/GR334_74.51.1443.jpg"
241001,"74.51.1446","Male head",,"http://images.metmuseum.org/CRDImages/gr/original/DP101545.jpg"
241002,"74.51.1447","Male head wearing a helmet",,"http://images.metmuseum.org/CRDImages/gr/original/DP101547.jpg"
241003,"74.51.1448","Terracotta head of a boy",,"http://images.metmuseum.org/CRDImages/gr/original/DP101548.jpg"
241006,"74.51.1451","Terracotta head with wreath",,"http://images.metmuseum.org/CRDImages/gr/original/DP105446.jpg"
241023,"74.51.1468","Male head",,"http://images.metmuseum.org/CRDImages/gr/original/DP101562.jpg"
241024,"74.51.1469","Fragment of a terracotta head",,"http://images.metmuseum.org/CRDImages/gr/original/DP101563.jpg"
241026,"74.51.1471","Terracotta male head",,"http://images.metmuseum.org/CRDImages/gr/original/GR309_74.51.1471.jpg"
241027,"74.51.1472","Head of a boy",,"http://images.metmuseum.org/CRDImages/gr/original/DP104663.jpg"
241030,"74.51.1475","Terracotta head of a man wearing a wreath",,"http://images.metmuseum.org/CRDImages/gr/original/GR352_74.51.1475.jpg"
241032,"74.51.1477","Female protome-mask",,"http://images.metmuseum.org/CRDImages/gr/original/DP104665.jpg"
241036,"74.51.1481","Head of a warrior",,"http://images.metmuseum.org/CRDImages/gr/original/DP101567.jpg"
241040,"74.51.1485","Male head",,"http://images.metmuseum.org/CRDImages/gr/original/DP101571.jpg"
241044,"74.51.1489","Terracotta male head",,"http://images.metmuseum.org/CRDImages/gr/original/DP100593.jpg"
241045,"74.51.1490","Terracotta head of a goddess",,"http://images.metmuseum.org/CRDImages/gr/original/DP100594.jpg"
241047,"74.51.1492","Terracotta head of a veiled woman",,"http://images.metmuseum.org/CRDImages/gr/original/DP101913.jpg"
241050,"74.51.1495","Terracotta head of an old woman",,"http://images.metmuseum.org/CRDImages/gr/original/DP100598.jpg"
241051,"74.51.1496","Head of Silenos",,"http://images.metmuseum.org/CRDImages/gr/original/DP100599.jpg"
241052,"74.51.1497","Head of a satyr",,"http://images.metmuseum.org/CRDImages/gr/original/DP100601.jpg"
241053,"74.51.1498","Head of a comic figurine",,"http://images.metmuseum.org/CRDImages/gr/original/DP101581.jpg"
241054,"74.51.1498a","Head of a comic figurine",,"http://images.metmuseum.org/CRDImages/gr/original/DP101582.jpg"
241057,"74.51.1501","Head of a comic figurine",,"http://images.metmuseum.org/CRDImages/gr/original/DP104666.jpg"
241063,"74.51.1507","Terracotta female head",,"http://images.metmuseum.org/CRDImages/gr/original/DP100612.jpg"
241067,"74.51.1511","Terracotta head of a youth with a goat headdress",,"http://images.metmuseum.org/CRDImages/gr/original/DP100616.jpg"
241072,"74.51.1516","Terracotta head of a woman",,"http://images.metmuseum.org/CRDImages/gr/original/DP100622.jpg"
241073,"74.51.1517","Head of a boy",,"http://images.metmuseum.org/CRDImages/gr/original/DP100623.jpg"
241074,"74.51.1518","Head of a boy",,"http://images.metmuseum.org/CRDImages/gr/original/DP100624.jpg"
241078,"74.51.1522","Female head, perhaps from a standing tambourine player",,"http://images.metmuseum.org/CRDImages/gr/original/DP101610.jpg"
241081,"74.51.1525","Female head",,"http://images.metmuseum.org/CRDImages/gr/original/DP101370.jpg"
241082,"74.51.1526","Male head",,"http://images.metmuseum.org/CRDImages/gr/original/DP101371.jpg"
241089,"74.51.1533","Terracotta head of a goddess",,"http://images.metmuseum.org/CRDImages/gr/original/DP101621.jpg"
241097,"74.51.1541","Terracotta statuette of woman with bird face",,"http://images.metmuseum.org/CRDImages/gr/original/DT11735.jpg"
241257,"74.51.1702","Male head wearing a helmet",,"http://images.metmuseum.org/CRDImages/gr/original/DP101753.jpg"
241316,"74.51.1761","Terracotta mask in the shape of the head of a fox, dog, or bat",,"http://images.metmuseum.org/CRDImages/gr/original/DP101801.jpg"
241917,"74.51.2363","Head and upper body of a female figurine",,"http://images.metmuseum.org/CRDImages/gr/original/DP101841.jpg"
241968,"74.51.2414","Limestone funerary cippus (tomb marker)",,"http://images.metmuseum.org/CRDImages/gr/original/DP273896.jpg"
242014,"74.51.2461","Limestone statue of a bearded man with votive offerings",,"http://images.metmuseum.org/CRDImages/gr/original/DT201085.jpg"
242043,"74.51.2492","Limestone head of a beardless male wearing a conical helmet",,"http://images.metmuseum.org/CRDImages/gr/original/DP157055.jpg"
242069,"74.51.2518","Limestone head of a beardless man",,"http://images.metmuseum.org/CRDImages/gr/original/DP121747.jpg"
242108,"74.51.2557","Limestone head of a man wearing a helmet",,"http://images.metmuseum.org/CRDImages/gr/original/DP121752.jpg"
242143,"74.51.2592","Limestone head of a man with a plain headdress",,"http://images.metmuseum.org/CRDImages/gr/original/DP121759.jpg"
242181,"74.51.2630","Limestone head of a beardless male votary",,"http://images.metmuseum.org/CRDImages/gr/original/DP158511.jpg"
242183,"74.51.2632","Limestone head of male votary with fillet",,"http://images.metmuseum.org/CRDImages/gr/original/DP263918.jpg"
242195,"74.51.2644","Limestone head of a beardless male votary with a wreath of leaves",,"http://images.metmuseum.org/CRDImages/gr/original/DP161892.jpg"
242201,"74.51.2650","Limestone head of a beardless male votary with a wreath of rosettes",,"http://images.metmuseum.org/CRDImages/gr/original/DP162306.jpg"
242206,"74.51.2655","Limestone head of Herakles",,"http://images.metmuseum.org/CRDImages/gr/original/DP115278.jpg"
242208,"74.51.2657","Limestone head of Herakles wearing the lion skin",,"http://images.metmuseum.org/CRDImages/gr/original/DP158518.jpg"
242233,"74.51.2682","Limestone head of a beardless male votary with a wreath of leaves",,"http://images.metmuseum.org/CRDImages/gr/original/DP159445.jpg"
242239,"74.51.2688","Limestone head of the god Hermes (?)",,"http://images.metmuseum.org/CRDImages/gr/original/DP159447.jpg"
242240,"74.51.2689","Limestone head of a warrior wearing a crested helmet",,"http://images.metmuseum.org/CRDImages/gr/original/DP115280.jpg"
242241,"74.51.2690","Limestone head of a beardless male votary",,"http://images.metmuseum.org/CRDImages/gr/original/DP159448.jpg"
242336,"74.51.2785","Limestone head of a wreathed youth",,"http://images.metmuseum.org/CRDImages/gr/original/DP117166.jpg"
242339,"74.51.2788","Limestone head of a bearded male votary",,"http://images.metmuseum.org/CRDImages/gr/original/DP208987.jpg"
242344,"74.51.2793","Limestone head of a beardless male votary with a wreath of leaves",,"http://images.metmuseum.org/CRDImages/gr/original/DP202650.jpg"
242350,"74.51.2799","Limestone head of beardless male votary",,"http://images.metmuseum.org/CRDImages/gr/original/DP206623.jpg"
242354,"74.51.2803","Limestone head of beardless male votary with wreath of leaves",,"http://images.metmuseum.org/CRDImages/gr/original/DT241327.jpg"
242357,"74.51.2806","Limestone head of beardless male votary with wreath of leaves",,"http://images.metmuseum.org/CRDImages/gr/original/DT241329.jpg"
242358,"74.51.2807","Limestone head of a veiled female votary",,"http://images.metmuseum.org/CRDImages/gr/original/DP203153.jpg"
242359,"74.51.2808","Limestone beardless male head with a wreath of rosettes",,"http://images.metmuseum.org/CRDImages/gr/original/DP207008.jpg"
242367,"74.51.2816","Limestone head of a beardless male votary with a wreath of rosettes",,"http://images.metmuseum.org/CRDImages/gr/original/DP162827.jpg"
242369,"74.51.2818","Limestone head of a female votary",,"http://images.metmuseum.org/CRDImages/gr/original/DP209471.jpg"
242374,"74.51.2823","Limestone bearded head with a wreath of leaves",,"http://images.metmuseum.org/CRDImages/gr/original/DP165214.jpg"
242378,"74.51.2827","Limestone head of a bearded male with a wreath of leaves",,"http://images.metmuseum.org/CRDImages/gr/original/DP165216.jpg"
242380,"74.51.2829","Limestone head of a bearded man from a funerary stele",,"http://images.metmuseum.org/CRDImages/gr/original/DP165217.jpg"
242383,"74.51.2832","Limestone beardless male head with ivy wreath",,"http://images.metmuseum.org/CRDImages/gr/original/DP263937.jpg"
242385,"74.51.2834","Limestone head of a beardless male votary with a wreath of leaves",,"http://images.metmuseum.org/CRDImages/gr/original/DP135200.jpg"
242397,"74.51.2846","Limestone head of a beardless male",,"http://images.metmuseum.org/CRDImages/gr/original/DP162970.jpg"
242400,"74.51.2849","Limestone head of a bearded male wearing a conical helmet",,"http://images.metmuseum.org/CRDImages/gr/original/DP209473.jpg"
242408,"74.51.2857","Limestone head of a bearded man",,"http://images.metmuseum.org/CRDImages/gr/original/DP263942.jpg"
242410,"74.51.2859","Limestone head of a beardless male with a diadem",,"http://images.metmuseum.org/CRDImages/gr/original/DP208989.jpg"
242413,"74.51.2863","Limestone head of a beardless male with a diadem",,"http://images.metmuseum.org/CRDImages/gr/original/DP206631.jpg"
242419,"74.51.2869","Limestone head of a beardless male with a fillet",,"http://images.metmuseum.org/CRDImages/gr/original/DP208984.jpg"
242420,"74.51.2870","Fragment of a limestone head of a bearded male with a plain headdress",,"http://images.metmuseum.org/CRDImages/gr/original/DP165219.jpg"
242424,"74.51.2874","Limestone head of a bearded male with a plain headdress",,"http://images.metmuseum.org/CRDImages/gr/original/DP208991.jpg"
242567,"74.51.3133","Gold earring with head of a bull",,"http://images.metmuseum.org/CRDImages/gr/original/DP121262.jpg"
242693,"74.51.3260","Pendant in the form of Hathor's head",,"http://images.metmuseum.org/CRDImages/gr/original/sp74513260.jpg"
242765,"74.51.3331","Gold finial ending in a lion's head",,"http://images.metmuseum.org/CRDImages/gr/original/DP135985.jpg"
242800,"74.51.3367","Gold and copper alloy spiral with lion-head terminal",,"http://images.metmuseum.org/CRDImages/gr/original/GR566.jpg"
242836,"74.51.3402","Gold, beryl, and garnet earring with head of a doplhin",,"http://images.metmuseum.org/CRDImages/gr/original/GR571.jpg"
242874,"74.51.3439","Gold earring with head of a lion",,"http://images.metmuseum.org/CRDImages/gr/original/sf74513439.jpg"
242875,"74.51.3440","Gold earring with head of a lion",,"http://images.metmuseum.org/CRDImages/gr/original/sf74513440.jpg"
242916,"74.51.3481","Gold earring with head of an antelope",,"http://images.metmuseum.org/CRDImages/gr/original/sf74513481.jpg"
242995,"74.51.3558","Gold and copper alloy bracelet with lion-head finials",,"http://images.metmuseum.org/CRDImages/gr/original/DP141966.jpg"
243441,"74.51.4028","Glass pendant in the form of a youthful head with negroid features",,"http://images.metmuseum.org/CRDImages/gr/original/sf74514028.jpg"
243445,"74.51.4032","Gold hoop with glass pendant in the form of a youthful head with negroid features",,"http://images.metmuseum.org/CRDImages/gr/original/sf74514032.jpg"
243451,"74.51.4038","Glass head pendant",,"http://images.metmuseum.org/CRDImages/gr/original/DP121314.jpg"
243760,"74.51.4492","Faience amulet in the form of a lion-headed deity",,"http://images.metmuseum.org/CRDImages/gr/original/DP121824.jpg"
243889,"74.51.5010","Chlorite pendant in the form of the head of an African (known as Ethiopian)",,"http://images.metmuseum.org/CRDImages/gr/original/DP121849.jpg"
244073,"74.51.5193","Bone pin",,"http://images.metmuseum.org/CRDImages/gr/original/DP121078.jpg"
244498,"74.51.5619","Bronze bull's head",,"http://images.metmuseum.org/CRDImages/gr/original/DP20106.jpg"
244499,"74.51.5620","Bronze bull's head",,"http://images.metmuseum.org/CRDImages/gr/original/DP20105.jpg"
244828,"75.2.22","Terracotta squat lekythos (oil flask)",,"http://images.metmuseum.org/CRDImages/gr/original/DP117172.jpg"
244965,"81.6.94","Carnelian intaglio",,"http://images.metmuseum.org/CRDImages/gr/original/DP109260.jpg"
245307,"81.10.151","Glass head pendant",,"http://images.metmuseum.org/CRDImages/gr/original/DP121093.jpg"
245375,"81.10.223","Glass double head-shaped jug",,"http://images.metmuseum.org/CRDImages/gr/original/DP107005.jpg"
245387,"81.10.235","Glass double head-shaped bottle",,"http://images.metmuseum.org/CRDImages/gr/original/DP117537.jpg"
245497,"86.16.8","Head of a woman",,"http://images.metmuseum.org/CRDImages/gr/original/DP261238.jpg"
245744,"91.1.1357","Glass double head-shaped flask",,"http://images.metmuseum.org/CRDImages/gr/original/DP107639.jpg"
246138,"96.9.50a, b","Terracotta canopic urn",,"http://images.metmuseum.org/CRDImages/gr/original/DP250469.jpg"
246304,"96.9.292","Statuette of a man wearing a mantle over head",,"http://images.metmuseum.org/CRDImages/gr/original/DP20161.jpg"
246569,"96.18.50","Terracotta kylix: eye-cup (drinking cup)",,"http://images.metmuseum.org/CRDImages/gr/original/DP115823.jpg"
246650,"96.18.154","Terracotta antefix (roof tile) with head of a woman",,"http://images.metmuseum.org/CRDImages/gr/original/DP2044.jpg"
246653,"96.18.157","Terracotta antefix (roof tile) with female head",,"http://images.metmuseum.org/CRDImages/gr/original/DP251363.jpg"
246654,"96.18.158","Terracotta antefix (roof tile) with head of a maenad",,"http://images.metmuseum.org/CRDImages/gr/original/DP251364.jpg"
246656,"96.18.160","Terracotta antefix (roof tile) with head of a satyr",,"http://images.metmuseum.org/CRDImages/gr/original/DP251366.jpg"
246668,"96.18.173","Terracotta head of a youth",,"http://images.metmuseum.org/CRDImages/gr/original/DP254648.jpg"
246741,"98.8.29","Terracotta relief plaque with head of Medusa",,"http://images.metmuseum.org/CRDImages/gr/original/DP229134.jpg"
246985,"03.12.2","Marble head of a woman",,"http://images.metmuseum.org/CRDImages/gr/original/115982.jpg"
246988,"03.12.5","Head of marble colossal female statue",,"http://images.metmuseum.org/CRDImages/gr/original/152705.jpg"
246995,"03.12.10b","Head of a marble statue of Apollo",,"http://images.metmuseum.org/CRDImages/gr/original/sf031210b.jpg"
247117,"05.30","Bronze statue of the emperor Trebonianus Gallus",,"http://images.metmuseum.org/CRDImages/gr/original/DP138716.jpg"
247205,"06.1021.32a, b","Terracotta pyxis with lid (box)",,"http://images.metmuseum.org/CRDImages/gr/original/DP119912.jpg"
247217,"06.1021.45","Oinochoe in the form of a woman's head",,"http://images.metmuseum.org/CRDImages/gr/original/DP1283.jpg"
247267,"06.1021.101","Terracotta column-krater (bowl for mixing wine and water)",,"http://images.metmuseum.org/CRDImages/gr/original/DP218570.jpg"
247365,"06.1021.202","Terracotta oinochoe: chous (jug)",,"http://images.metmuseum.org/CRDImages/gr/original/DP117199.jpg"
247367,"06.1021.204","Terracotta vase with janiform heads",,"http://images.metmuseum.org/CRDImages/gr/original/DP252115.jpg"
247546,"06.1128","Silvered bronze roundel with satyr head (one of a pair)",,"http://images.metmuseum.org/CRDImages/gr/original/DP20414.jpg"
247991,"07.286.113","Marble portrait of a veiled man",,"http://images.metmuseum.org/CRDImages/gr/original/DP202802.jpg"
247993,"07.286.115","Marble portrait of the emperor Augustus",,"http://images.metmuseum.org/CRDImages/gr/original/DT298.jpg"
248001,"07.286.125","Chalcedony portrait bust of a young woman",,"http://images.metmuseum.org/CRDImages/gr/original/DP155535.jpg"
248139,"09.221.2","Marble grave relief with two portrait busts",,"http://images.metmuseum.org/CRDImages/gr/original/DP143310.jpg"
248144,"09.221.7","Marble head of a man wearing a laurel wreath",,"http://images.metmuseum.org/CRDImages/gr/original/DP147258.jpg"
248229,"10.130.1400","Cobalt-blue glass cameo",,"http://images.metmuseum.org/CRDImages/gr/original/DP143781.jpg"
248311,"10.210.23","Marble head of a youth",,"http://images.metmuseum.org/CRDImages/gr/original/DP271313.jpg"
248337,"10.210.50","Terracotta head of a woman wearing a high headdress",,"http://images.metmuseum.org/CRDImages/gr/original/DP114301.jpg"
248351,"10.210.64","Terracotta head of a woman",,"http://images.metmuseum.org/CRDImages/gr/original/DP114304.jpg"
248389,"10.210.102","Terracotta head of a man",,"http://images.metmuseum.org/CRDImages/gr/original/DP114311.jpg"
248393,"10.210.106","Terracotta head of a woman",,"http://images.metmuseum.org/CRDImages/gr/original/DP114314.jpg"
248401,"10.210.114","Terracotta fragment of a male figure",,"http://images.metmuseum.org/CRDImages/gr/original/DP114317.jpg"
248436,"10.210.149","Terracotta head of a man",,"http://images.metmuseum.org/CRDImages/gr/original/DP114325.jpg"
248444,"10.210.157","Terracotta head of a youth",,"http://images.metmuseum.org/CRDImages/gr/original/DP114333.jpg"
248585,"11.212.4","Marble head of a young woman, perhaps a muse",,"http://images.metmuseum.org/CRDImages/gr/original/DP166240.jpg"
248642,"12.157","Marble head of Athena",,"http://images.metmuseum.org/CRDImages/gr/original/DP119212.jpg"
248680,"12.229.11","Fragment of a terracotta bell-krater (bowl for mixing wine and water)","Polygnotos Group","http://images.metmuseum.org/CRDImages/gr/original/DP115802.jpg"
248699,"12.232.1","Marble head of a baby",,"http://images.metmuseum.org/CRDImages/gr/original/139102.jpg"
248703,"12.232.5","Marble head of a boy",,"http://images.metmuseum.org/CRDImages/gr/original/DP271322.jpg"
248714,"12.232.15","Fragmentary terracotta statuette of a woman with a kithara",,"http://images.metmuseum.org/CRDImages/gr/original/DP122061.jpg"
248741,"13.115.2","Marble portrait bust of a woman",,"http://images.metmuseum.org/CRDImages/gr/original/17238.jpg"
248898,"14.130.8","Marble pediment of a funerary altar",,"http://images.metmuseum.org/CRDImages/gr/original/DP138726.jpg"
249005,"15.43.253","Glass head-shaped flask",,"http://images.metmuseum.org/CRDImages/gr/original/DP224738.jpg"
249051,"15.145","Marble portrait of a man",,"http://images.metmuseum.org/CRDImages/gr/original/DP123871.jpg"
249052,"15.146","Marble head of a girl from a small statue",,"http://images.metmuseum.org/CRDImages/gr/original/DP271367.jpg"
249091,"16.141","Terracotta statue of a young woman",,"http://images.metmuseum.org/CRDImages/gr/original/DP119671.jpg"
249157,"16.174.46","Bronze fitting decorated with a bust of Neptune",,"http://images.metmuseum.org/CRDImages/gr/original/DP124614.jpg"
249223,"17.190.2067","Carved amber bow of a fibula (safety pin)",,"http://images.metmuseum.org/CRDImages/gr/original/DP109258.jpg"
249228,"17.190.2072","Bronze man and centaur",,"http://images.metmuseum.org/CRDImages/gr/original/DT259.jpg"
249273,"17.194.28","Glass ring stone",,"http://images.metmuseum.org/CRDImages/gr/original/DP111333.jpg"
249596,"17.194.360","Cameo glass fragment",,"http://images.metmuseum.org/CRDImages/gr/original/DP155135.jpg"
249609,"17.194.373","Cameo glass cup fragment",,"http://images.metmuseum.org/CRDImages/gr/original/DP140697.jpg"
250655,"17.230.131","Marble head of a woman",,"http://images.metmuseum.org/CRDImages/gr/original/DP114257.jpg"
250686,"18.145.21","Bronze appliqué in the form of a bust of a barbarian",,"http://images.metmuseum.org/CRDImages/gr/original/DP20577.jpg"
250744,"19.192.11","Marble head of a youth",,"http://images.metmuseum.org/CRDImages/gr/original/DP116939.jpg"
250789,"19.192.56","Bronze attachment with satyr head",,"http://images.metmuseum.org/CRDImages/gr/original/DP248169.jpg"
250801,"19.192.68","Marble statuette head of a youth",,"http://images.metmuseum.org/CRDImages/gr/original/151898.jpg"
250904,"19.192.90","Fragmentary  porphyry  head of a bearded man",,"http://images.metmuseum.org/CRDImages/gr/original/DP202796.jpg"
250968,"20.215","Terracotta gorgoneion antefix (roof tile)",,"http://images.metmuseum.org/CRDImages/gr/original/DP233548.jpg"
250985,"20.236","Gold double lion's head earring",,"http://images.metmuseum.org/CRDImages/gr/original/sf20236.jpg"
251021,"21.72","Glass double head-shaped bottle",,"http://images.metmuseum.org/CRDImages/gr/original/DP107356.jpg"
251037,"21.88.11","Marble bust of a man",,"http://images.metmuseum.org/CRDImages/gr/original/DP202797.jpg"
251042,"21.88.16","Marble head of a kouros (youth)",,"http://images.metmuseum.org/CRDImages/gr/original/DP271467.jpg"
251087,"21.88.63","Terracotta pyxis (box)",,"http://images.metmuseum.org/CRDImages/gr/original/DP1862.jpg"
251095,"21.88.71","Marble head of a man",,"http://images.metmuseum.org/CRDImages/gr/original/52427.jpg"
251210,"22.139.32","Terracotta oinochoe: chous (jug)","Berlin Painter","http://images.metmuseum.org/CRDImages/gr/original/95554.jpg"
251217,"22.139.39","Head of a Satyr",,"http://images.metmuseum.org/CRDImages/gr/original/dp2213939.jpg"
251220,"22.139.42","Garnet ring stone","Apollonios","http://images.metmuseum.org/CRDImages/gr/original/DP143805.jpg"
251347,"23.160.3","Marble head of a god, probably Dionysos",,"http://images.metmuseum.org/CRDImages/gr/original/DP292009.jpg"
251349,"23.160.5","Marble head of a woman wearing a diadem",,"http://images.metmuseum.org/CRDImages/gr/original/DP117024.jpg"
251404,"23.160.62","Terracotta aryballos (perfume bottle) in the shape of a woman's head","Oxford Class of Head Vases","http://images.metmuseum.org/CRDImages/gr/original/DP117210.jpg"
251418,"23.160.85","Fragment from a marble head of a man, preserving the nose and mouth",,"http://images.metmuseum.org/CRDImages/gr/original/DP202799.jpg"
251419,"23.160.86","Marble relief fragment with the head of Medea",,"http://images.metmuseum.org/CRDImages/gr/original/263089.jpg"
251423,"23.160.90","Antefix, head of satyr",,"http://images.metmuseum.org/CRDImages/gr/original/DP249302.jpg"
251472,"24.97.10","Tufa head of sphinx or siren",,"http://images.metmuseum.org/CRDImages/gr/original/DP258360.jpg"
251506,"24.97.80","Bone hairpin with bust of a woman",,"http://images.metmuseum.org/CRDImages/gr/original/DP121062.jpg"
251511,"24.97.85","Terracotta head of a woman",,"http://images.metmuseum.org/CRDImages/gr/original/DP122065.jpg"
251517,"24.97.90","Marble head of a female satyr",,"http://images.metmuseum.org/CRDImages/gr/original/DP282105.jpg"
251818,"25.78.32","Small marble head of a youth",,"http://images.metmuseum.org/CRDImages/gr/original/62474.jpg"
251821,"25.78.35","Bronze portrait head of the emperor Gaius (Caligula)",,"http://images.metmuseum.org/CRDImages/gr/original/GR738.jpg"
251828,"25.78.44a–d","Bronze box mirror",,"http://images.metmuseum.org/CRDImages/gr/original/DP116953.jpg"
251838,"25.78.56","Fragments of a marble statue of the Diadoumenos (youth tying a fillet around his head)","Polykleitos","http://images.metmuseum.org/CRDImages/gr/original/DT11982.jpg"
251839,"25.78.57","Limestone head of a wreathed youth",,"http://images.metmuseum.org/CRDImages/gr/original/72283.jpg"
251931,"25.179","Marble head of a youth from a relief",,"http://images.metmuseum.org/CRDImages/gr/original/62500.jpg"
252377,"26.31.455","Terracotta head of a horse",,"http://images.metmuseum.org/CRDImages/gr/original/DP145547.jpg"
252468,"26.60.1","Marble head from a statue of Harmodios","Kritios  Nesiotes","http://images.metmuseum.org/CRDImages/gr/original/4 Fig. I.06R1_98Q.jpg"
252470,"26.60.3","Marble portrait bust of a man",,"http://images.metmuseum.org/CRDImages/gr/original/29A_R03R5.jpg"
252497,"26.60.30","Head of a marble kore",,"http://images.metmuseum.org/CRDImages/gr/original/73371.jpg"
252512,"26.60.47a","Marble sarcophagus fragment: head and torso of a Gaul",,"http://images.metmuseum.org/CRDImages/gr/original/78072.jpg"
252515,"26.60.49","Terracotta head and torso of a woman",,"http://images.metmuseum.org/CRDImages/gr/original/DP117213.jpg"
252531,"26.60.67","Cameo glass fragment",,"http://images.metmuseum.org/CRDImages/gr/original/DP155138.jpg"
252537,"26.60.73","Terracotta antefix (roof tile)",,"http://images.metmuseum.org/CRDImages/gr/original/DP109262.jpg"
252572,"26.164.7","Terracotta head of a griffin",,"http://images.metmuseum.org/CRDImages/gr/original/DP229200.jpg"
252587,"26.164.24","Terracotta relief with head of a woman",,"http://images.metmuseum.org/CRDImages/gr/original/DP145785.jpg"
252637,"26.199.67","Terracotta relief bust of a woman",,"http://images.metmuseum.org/CRDImages/gr/original/DP114817.jpg"
252929,"27.122.14","Terracotta antefix with the head of Medusa",,"http://images.metmuseum.org/CRDImages/gr/original/DP144820.jpg"
252932,"27.122.18","Marble head of Herakles",,"http://images.metmuseum.org/CRDImages/gr/original/DP119245.jpg"
252944,"27.122.29","Handle with a head of a satyr",,"http://images.metmuseum.org/CRDImages/gr/original/DP20682.jpg"
252977,"28.168.1","Head of a woman",,"http://images.metmuseum.org/CRDImages/gr/original/dp281681.jpg"
252978,"28.168.2","Terracotta grotesque head",,"http://images.metmuseum.org/CRDImages/gr/original/DP231968.jpg"
253497,"35.11.20","Terracotta head of a woman",,"http://images.metmuseum.org/CRDImages/gr/original/DP101536.jpg"
253616,"40.143","Carnelian ring stone",,"http://images.metmuseum.org/CRDImages/gr/original/DP143809.jpg"
253644,"41.160.410","Limestone head of a beardless male with a diadem",,"http://images.metmuseum.org/CRDImages/gr/original/DP206632.jpg"
253645,"41.160.411","Limestone head of a wreathed youth",,"http://images.metmuseum.org/CRDImages/gr/original/DP119970.jpg"
253646,"41.160.412","Limestone head with of a beardless male with a wreath of leaves",,"http://images.metmuseum.org/CRDImages/gr/original/DP200682.jpg"
253648,"41.160.414","Limestone head of a wreathed youth",,"http://images.metmuseum.org/CRDImages/gr/original/DP119971.jpg"
253649,"41.160.415","Limestone head of a female with a plain headdress",,"http://images.metmuseum.org/CRDImages/gr/original/DP203145.jpg"
253650,"41.160.416","Female limestone head",,"http://images.metmuseum.org/CRDImages/gr/original/DP206633.jpg"
253676,"41.160.446","Onyx cameo",,"http://images.metmuseum.org/CRDImages/gr/original/DP143813.jpg"
253711,"41.160.483","Moss agate ring stone",,"http://images.metmuseum.org/CRDImages/gr/original/DP143817.jpg"
254195,"41.162.28","Terracotta oinochoe (jug) in the form of a woman's head",,"http://images.metmuseum.org/CRDImages/gr/original/DP117223.jpg"
254207,"41.162.40","Terracotta oinochoe (jug) in the form of a woman's head","Canessa Class of Head Vases","http://images.metmuseum.org/CRDImages/gr/original/DP117225.jpg"
254436,"41.162.266","Terracotta relief head of a woman",,"http://images.metmuseum.org/CRDImages/gr/original/DP114824.jpg"
254443,"41.163","Limestone head of a silen (?)",,"http://images.metmuseum.org/CRDImages/gr/original/DP202641.jpg"
254473,"42.11.30","Sardonyx cameo portrait of the Emperor Augustus",,"http://images.metmuseum.org/CRDImages/gr/original/DP155547.jpg"
254479,"42.11.36","Head of a youth from a marble stele (grave marker)",,"http://images.metmuseum.org/CRDImages/gr/original/DP116928.jpg"
254481,"42.11.43","Upper part of a marble statue of a woman",,"http://images.metmuseum.org/CRDImages/gr/original/DP116944.jpg"
254508,"44.11.2, .3","Marble funerary statues of a maiden and a little girl",,"http://images.metmuseum.org/CRDImages/gr/original/GR64.jpg"
254589,"47.100.3","Terracotta head of a woman, probably a sphinx",,"http://images.metmuseum.org/CRDImages/gr/original/DP119149.jpg"
254602,"48.12.2","Sard ring stone",,"http://images.metmuseum.org/CRDImages/gr/original/DP143831.jpg"
254613,"49.11.3","Bronze statuette of a boy in Eastern dress",,"http://images.metmuseum.org/CRDImages/gr/original/DT7206.jpg"
254617,"49.21.1","Amethyst intaglio",,"http://images.metmuseum.org/CRDImages/gr/original/DP145742.jpg"
254698,"52.11.6","Bronze portrait bust of a Roman matron",,"http://images.metmuseum.org/CRDImages/gr/original/29B_R41R4.jpg"
254757,"53.5.32","Terracotta bust of a female figure",,"http://images.metmuseum.org/CRDImages/gr/original/DP114727.jpg"
254819,"55.11.5","Marble sarcophagus with the Triumph of Dionysos and the Seasons",,"http://images.metmuseum.org/CRDImages/gr/original/DP138717.jpg"
254839,"55.129.2","Bronze bust of a Silenus",,"http://images.metmuseum.org/CRDImages/gr/original/DP20782.jpg"
254855,"56.145","Marble sarcophagus with flying erotes holding a clipeus portrait",,"http://images.metmuseum.org/CRDImages/gr/original/DP240110.jpg"
254874,"56.171.16","Terracotta neck-amphora (jar)","London  76","http://images.metmuseum.org/CRDImages/gr/original/DP115331.jpg"
254907,"56.171.49","Terracotta bell-krater (bowl for mixing wine and water)","Kekrops Painter","http://images.metmuseum.org/CRDImages/gr/original/GR1008.jpg"
255367,"1972.118.54","Bronze head of a griffin",,"http://images.metmuseum.org/CRDImages/gr/original/DT7204.jpg"
255420,"1972.118.108","Marble head of a bearded man from a herm",,"http://images.metmuseum.org/CRDImages/gr/original/DP261228.jpg"
255435,"1972.118.124","Terracotta head of a young man",,"http://images.metmuseum.org/CRDImages/gr/original/DP114338.jpg"
255453,"1972.118.142","Faience aryballos (perfume vase) in the form of two heads",,"http://images.metmuseum.org/CRDImages/gr/original/DT1059.jpg"
255478,"1972.118.167","Carnelian oval",,"http://images.metmuseum.org/CRDImages/gr/original/DP142609.jpg"
256121,"1992.11.61","Marble herm head of a bearded deity",,"http://images.metmuseum.org/CRDImages/gr/original/DP282121.jpg"
256530,"1996.401","Marble portrait head of Antinoos",,"http://images.metmuseum.org/CRDImages/gr/original/GR33.jpg"
256738,"X.21.197","Glass perfume bottle",,"http://images.metmuseum.org/CRDImages/gr/original/DP108409.jpg"
256823,"X.378","Bronze steelyard weight",,"http://images.metmuseum.org/CRDImages/gr/original/DP2088.jpg"
256911,"1998.209","Marble bust of a bearded man",,"http://images.metmuseum.org/CRDImages/gr/original/DT296.jpg"
257433,"2000.38","Marble head of an elderly woman",,"http://images.metmuseum.org/CRDImages/gr/original/9 Cat. no. I.04R1_98Q.jpg"
257518,"2000.308","Faience appliqué with a bust of Dionysos",,"http://images.metmuseum.org/CRDImages/gr/original/GR743.jpg"
257603,"2002.66","Marble head of a Ptolemaic queen",,"http://images.metmuseum.org/CRDImages/gr/original/DT5382.jpg"
257874,"2012.479.1","Glass head flask",,"http://images.metmuseum.org/CRDImages/gr/original/DP286313.jpg"
258094,"2008.332","Alabaster alabastron (perfume vase)",,"http://images.metmuseum.org/CRDImages/gr/original/DP202091.jpg"
258540,"2011.87","Marble portrait bust of Severus Alexander",,"http://images.metmuseum.org/CRDImages/gr/original/DP267647.jpg"
259909,"1971.613.1","Ruth Shore","Stephen Shore","http://images.metmuseum.org/CRDImages/ph/original/DP137486.jpg"
259978,"1971.646.20","[Subway Passengers, New York City]","Walker Evans","http://images.metmuseum.org/CRDImages/ph/original/1971.646.20.jpg"
259979,"1971.646.21","Subway Portrait","Walker Evans","http://images.metmuseum.org/CRDImages/ph/original/DP102768.jpg"
260140,"1972.633.132","Stieglitz, Steichen, Smith and Kuehn Admiring the Work of Frank Eugene","Frank Eugene","http://images.metmuseum.org/CRDImages/ph/original/DP72109.jpg"
260186,"1972.633.174","Self-Portrait with Dolls","Frank Eugene","http://images.metmuseum.org/CRDImages/ph/original/DP71998.jpg"
260189,"1972.633.177","Self-portrait","Frank Eugene","http://images.metmuseum.org/CRDImages/ph/original/DP72001.jpg"
260279,"1972.633.68","Miss Nan N. - Indian Festival","Frank Eugene","http://images.metmuseum.org/CRDImages/ph/original/DP72028.jpg"
260286,"1972.633.74","Emmy Geiger","Frank Eugene","http://images.metmuseum.org/CRDImages/ph/original/DP72034.jpg"
260666,"1972.742.40","Subway Portrait","Walker Evans","http://images.metmuseum.org/CRDImages/ph/original/DP102795.jpg"
260667,"1972.742.41","Subway Portrait","Walker Evans","http://images.metmuseum.org/CRDImages/ph/original/DP102796.jpg"
260716,"1972.747.6","Air Raid, Hankow","Robert Capa","http://images.metmuseum.org/CRDImages/ph/original/DP119796.jpg"
260981,"1973.613.3","Josephine (Portrait of Miss B.)","Gertrude Käsebier","http://images.metmuseum.org/CRDImages/ph/original/DP114625.jpg"
261460,"1975.548.262","[La Comtesse in Flowered Hat Seated at Table]","Pierre-Louis Pierson","http://images.metmuseum.org/CRDImages/ph/original/DP235113.jpg"
261571,"1975.570","Wiener Typen","Emil Mayer","http://images.metmuseum.org/CRDImages/ph/original/PH9286.jpg"
262136,"1977.674.7","Portrait d'un graveur","Unknown, French","http://images.metmuseum.org/CRDImages/ph/original/DP149521.jpg"
262167,"1977.677.36","Morelia 3","Aaron Siskind","http://images.metmuseum.org/CRDImages/ph/original/DP137184.jpg"
262505,"1979.521.6","Junger Soldat, Westerwald",["August Sander","Günther Sander"],"http://images.metmuseum.org/CRDImages/ph/original/DP228647.jpg"
262674,"1979.667.3","Study for Self-Portrait Etching; Plate Reversal = Print","Chuck Close","http://images.metmuseum.org/CRDImages/ph/original/MM85291.jpg"
262690,"1979.677.7","Égypte Moyenne. Le Sphynx vu de face",["Maxime Du Camp","Imprimerie Blanquart-Évrard"],"http://images.metmuseum.org/CRDImages/ph/original/MM60129.jpg"
262922,"1981.1065.3","Heather Brown, Mimi Brown, Bebe Brown Nixon, Laurie Brown Tranchin, East Greenwich, Rhode Island","Nicholas Nixon","http://images.metmuseum.org/CRDImages/ph/original/DP281491.jpg"
263068,"1981.1163","[Lucia Moholy; Negative Print]","László Moholy-Nagy","http://images.metmuseum.org/CRDImages/ph/original/DP210191.jpg"
263070,"1981.1165","[Family Portrait]",["W. Penny","William L. German"],"http://images.metmuseum.org/CRDImages/ph/original/DT8784.jpg"
263168,"1981.1229.2","Nubie. Ibsamboul. Colosse médial (enfoui) du Spéos de Phrè",["Maxime Du Camp","Imprimerie Blanquart-Évrard"],"http://images.metmuseum.org/CRDImages/ph/original/PH9602.jpg"
263461,"1982.1168.1","[Mezzotint Portrait of a Girl in Profile]","Jeremiah Gurney","http://images.metmuseum.org/CRDImages/ph/original/DP116720.jpg"
264392,"1985.1142.7","[Portrait of Dr. Charles Henry Breed]",["Unknown, American","Charles Henry Breed"],"http://images.metmuseum.org/CRDImages/ph/original/DP252157.jpg"
264572,"1985.1168.6","[Formal Family Portrait of Thirteen People, Men in European Dress]","Unknown","http://images.metmuseum.org/CRDImages/ph/original/DP71255.jpg"
264658,"1986.1042.22","Marble Head and Leaf, San Francisco, California","Ansel Easton Adams","http://images.metmuseum.org/CRDImages/ph/original/DP71961.jpg"
265117,"1987.1084.2","Dora Duby","James Abbe","http://images.metmuseum.org/CRDImages/ph/original/DP271443.jpg"
265118,"1987.1084.3","Dora Duby","James Abbe","http://images.metmuseum.org/CRDImages/ph/original/DP271444.jpg"
265199,"1987.1100.16","Josephine Baker","Adolf de Meyer","http://images.metmuseum.org/CRDImages/ph/original/DP111896.jpg"
265203,"1987.1100.163","Calle Cuauhtemoctzin, Mexico City","Henri Cartier-Bresson","http://images.metmuseum.org/CRDImages/ph/original/DP112745.jpg"
265221,"1987.1100.18","Pablo Picasso","Man Ray","http://images.metmuseum.org/CRDImages/ph/original/DP112728.jpg"
265232,"1987.1100.19","Self-Portrait","Berenice Abbott","http://images.metmuseum.org/CRDImages/ph/original/DP112729.jpg"
265238,"1987.1100.195","[Portrait of My Friend Funke]","Josef Sudek","http://images.metmuseum.org/CRDImages/ph/original/DP103099.jpg"
265261,"1987.1100.215","Loretta Young, Polly Ann Young and Sally Blane","Nickolas Muray","http://images.metmuseum.org/CRDImages/ph/original/DP222549.jpg"
265295,"1987.1100.246","[Arrangement of 12 Female Mannequin Heads, Each with Distinct Physiognomy and Period Hair Style]","Peter Weller","http://images.metmuseum.org/CRDImages/ph/original/DP106354.jpg"
265386,"1987.1100.329","[Portrait Composition: Close-up, three-quarter view of woman with hands at her face]","Florence Henri","http://images.metmuseum.org/CRDImages/ph/original/DP102526.jpg"
265513,"1987.1100.442","[Charlie Chaplin and Vaslav Nijinsky on the Set of Easy Street, December 1916]","Unknown","http://images.metmuseum.org/CRDImages/ph/original/DP135029.jpg"
265596,"1987.1100.69","László Moholy-Nagy","Lucia Moholy","http://images.metmuseum.org/CRDImages/ph/original/DT1784.jpg"
265597,"1987.1100.7","On the Boulevards, Paris","André Kertész","http://images.metmuseum.org/CRDImages/ph/original/DP106544.jpg"
265611,"1987.1100.82","High School Student","August Sander","http://images.metmuseum.org/CRDImages/ph/original/DP228688.jpg"
265614,"1987.1100.85","Femme aux Cartes","Florence Henri","http://images.metmuseum.org/CRDImages/ph/original/DP111906.jpg"
265771,"1987.1183.38.84","[Portrait of Seated Man]","Unknown, British","http://images.metmuseum.org/CRDImages/ph/original/DP70958.jpg"
265794,"1987.1183.58","""Peter""","Alfred Capel Cure","http://images.metmuseum.org/CRDImages/ph/original/DP113908.jpg"
265799,"1987.1183.62","[Vignetted portrait, woman holding a baby]","Alfred Capel Cure","http://images.metmuseum.org/CRDImages/ph/original/DP113912.jpg"
265888,"1988.1000.8","Clementine, Cambridge","Nicholas Nixon","http://images.metmuseum.org/CRDImages/ph/original/DP268265.jpg"
26592,"2003.7","Portrait of Pierre-François Percy (1754-1825)",,"http://images.metmuseum.org/CRDImages/aa/original/271539.jpg"
266195,"1990.1002.6","[Kneeling woman in panty hose with large eyed face superimposed]","Robert Heinecken","http://images.metmuseum.org/CRDImages/ph/original/DP158350.jpg"
266295,"1990.1139.1","[Two Young Women before Pastry Shop at Night, Mulberry Street, Feast of San Gennaro, New York]","Sid Grossman","http://images.metmuseum.org/CRDImages/ph/original/Grossman1990.1139.1.jpg"
266299,"1990.1143","Coal Dock Workers, Havana","Walker Evans","http://images.metmuseum.org/CRDImages/ph/original/DP216715.jpg"
266537,"1991.1232","Arbeitslos","August Sander","http://images.metmuseum.org/CRDImages/ph/original/DP228689.jpg"
266562,"1991.1283","Worshipper and Smallpox Goddess","Raghubir Singh","http://images.metmuseum.org/CRDImages/ph/original/DT1141.jpg"
266746,"1992.5107","El Morocco","Garry Winogrand","http://images.metmuseum.org/CRDImages/ph/original/ph1992.5107.R.jpg"
266884,"1993.126","Large Shrine Figure in the Happy Valley, Gwalior, India","Unknown","http://images.metmuseum.org/CRDImages/ph/original/DT7017.jpg"
266902,"1993.233","Gioacchino Rossini","Nadar","http://images.metmuseum.org/CRDImages/ph/original/DT7047.jpg"
266947,"1993.43.1–.273","[Television Broadcasts]","Unknown, American","http://images.metmuseum.org/CRDImages/ph/original/DP71122.jpg"
267168,"1995.170.1","Prince Lobkowitz","André-Adolphe-Eugène Disdéri","http://images.metmuseum.org/CRDImages/ph/original/DP250928.jpg"
267209,"1995.266.2","After Walker Evans: 2","Sherrie Levine","http://images.metmuseum.org/CRDImages/ph/original/DP157021.jpg"
267220,"1995.267.1","After Walker Evans: 2","Sherrie Levine","http://images.metmuseum.org/CRDImages/ph/original/DP156443.jpg"
267230,"1995.3","Caroline Robert","Louis-Rémy Robert","http://images.metmuseum.org/CRDImages/ph/original/DP109590.jpg"
267300,"1995.580.1","[Self-Portrait in India]","Adolf de Meyer","http://images.metmuseum.org/CRDImages/ph/original/DeMeyer1995.580.1.jpg"
267301,"1995.580.2","Franz Sitte","T. Lux Feininger","http://images.metmuseum.org/CRDImages/ph/original/MM86139.jpg"
267334,"1996.169","Lois Long","Richard Pousette-Dart","http://images.metmuseum.org/CRDImages/ph/original/DP278340.jpg"
267336,"1996.170","Amelia Earhart","Unknown, American","http://images.metmuseum.org/CRDImages/ph/original/DP71169.jpg"
267493,"33.43.1","Self-portrait","Edward J. Steichen","http://images.metmuseum.org/CRDImages/ph/original/DP232880.jpg"
267535,"33.43.137","Portrait Miss N.","Gertrude Käsebier","http://images.metmuseum.org/CRDImages/ph/original/MM58554.jpg"
267616,"33.43.21","Portraits—Evening","Edward J. Steichen","http://images.metmuseum.org/CRDImages/ph/original/DP232882.jpg"
267720,"33.43.306","Portrait of Mrs. H.","Clarence H. White","http://images.metmuseum.org/CRDImages/ph/original/PH155.jpg"
267781,"33.43.365","Portrait","F. Holland Day","http://images.metmuseum.org/CRDImages/ph/original/MM58775.jpg"
267799,"33.43.386","[Female Nude Standing in Doorway with Small Mirror in Hand]",["Alfred Stieglitz","Clarence H. White"],"http://images.metmuseum.org/CRDImages/ph/original/MM58793.jpg"
267873,"33.43.94","Portrait","Frank Eugene","http://images.metmuseum.org/CRDImages/ph/original/MM58471.jpg"
268309,"37.14.12","[Unidentified Boy in Dark Suit]",["Albert Sands Southworth","Southworth  Hawes","Josiah Johnson Hawes"],"http://images.metmuseum.org/CRDImages/ph/original/37.14.12.jpg"
268310,"37.14.13","[Unidentified Woman]",["Albert Sands Southworth","Southworth  Hawes","Josiah Johnson Hawes"],"http://images.metmuseum.org/CRDImages/ph/original/PH196.jpg"
268318,"37.14.20","Miss Hodges of Salem",["Albert Sands Southworth","Southworth  Hawes","Josiah Johnson Hawes"],"http://images.metmuseum.org/CRDImages/ph/original/PH204.jpg"
268334,"37.14.35","[Woman in Profile with Lace Collar and Shawl]",["Albert Sands Southworth","Southworth  Hawes","Josiah Johnson Hawes"],"http://images.metmuseum.org/CRDImages/ph/original/37.14.35.jpg"
268338,"37.14.39","[Boston Doctors]",["Albert Sands Southworth","Southworth  Hawes","Josiah Johnson Hawes"],"http://images.metmuseum.org/CRDImages/ph/original/37.14.39.jpg"
268341,"37.14.41","Lola Montez",["Albert Sands Southworth","Southworth  Hawes","Josiah Johnson Hawes"],"http://images.metmuseum.org/CRDImages/ph/original/37.14.41.jpg"
268344,"37.14.44","William Henry Harrison",["Albert Sands Southworth","Southworth  Hawes","Josiah Johnson Hawes","Albert Gallatin Hoit"],"http://images.metmuseum.org/CRDImages/ph/original/DT1670.jpg"
268346,"37.14.46","Jenny Lind and Her Husband, Otto Goldschmidt",["Albert Sands Southworth","Southworth  Hawes","Josiah Johnson Hawes"],"http://images.metmuseum.org/CRDImages/ph/original/MM86166.jpg"
268351,"37.14.50","Charles Sprague",["Albert Sands Southworth","Southworth  Hawes","Josiah Johnson Hawes","Charles Sprague"],"http://images.metmuseum.org/CRDImages/ph/original/PH231.jpg"
268353,"37.14.52","[Elderly Man; Full Face]",["Albert Sands Southworth","Southworth  Hawes","Josiah Johnson Hawes"],"http://images.metmuseum.org/CRDImages/ph/original/37.14.52.jpg"
268354,"37.14.53","[Girl with Portrait of George Washingtion]",["Albert Sands Southworth","Southworth  Hawes","Josiah Johnson Hawes"],"http://images.metmuseum.org/CRDImages/ph/original/37.14.53.jpg"
268361,"37.14.8","[Students from the Emerson School for Girls]",["Albert Sands Southworth","Southworth  Hawes"],"http://images.metmuseum.org/CRDImages/ph/original/PH241.jpg"
268719,"41.21.9","Charles Hay Cameron, Esq., in His Garden at Freshwater","Julia Margaret Cameron","http://images.metmuseum.org/CRDImages/ph/original/DP295213.jpg"
268935,"46.1.160","Fishermen Ashore",["David Octavius Hill","Hill  Adamson","Robert  Adamson"],"http://images.metmuseum.org/CRDImages/ph/original/PH9470.jpg"
268988,"46.1.45","Cecily Hamilton","Oscar Gustav Rejlander","http://images.metmuseum.org/CRDImages/ph/original/DP295241.jpg"
269146,"47.46.17","[Portrait of a Young Woman in Gingham Dress, Shawl]","Unknown, American","http://images.metmuseum.org/CRDImages/ph/original/Unk_47.46.17_recto.jpg"
269233,"48.83.18","[Group Portrait of Six People]","Franz Antoine","http://images.metmuseum.org/CRDImages/ph/original/DP111491.jpg"
269240,"48.83.24","[Group Portrait of the Antoine and Höusermann Families]","Franz Antoine","http://images.metmuseum.org/CRDImages/ph/original/DP111496.jpg"
269258,"48.83.40","[Portrait of Two Girls]","Franz Antoine","http://images.metmuseum.org/CRDImages/ph/original/DP111510.jpg"
269259,"48.83.41","[Portrait of a Seated Woman Surrounded by Five Girls, Seated and Standing]","Franz Antoine","http://images.metmuseum.org/CRDImages/ph/original/DP111511.jpg"
269266,"48.83.8","[Portrait of an Elderly Woman]","Franz Antoine","http://images.metmuseum.org/CRDImages/ph/original/DP111483.jpg"
269292,"49.55.171","Portrait","Frank Eugene","http://images.metmuseum.org/CRDImages/ph/original/MM58864.jpg"
269325,"49.55.202","Female Head","Joseph T. Keiley","http://images.metmuseum.org/CRDImages/ph/original/MM58897.jpg"
269417,"49.55.308","Family Portrait","Ansel Easton Adams","http://images.metmuseum.org/CRDImages/ph/original/MM58979.jpg"
269445,"49.55.38","Hodge Kirnon","Alfred Stieglitz","http://images.metmuseum.org/CRDImages/ph/original/DP223962.jpg"
269616,"52.605","[Carte-de-Visite Album of Famous American Personages]",["Albert Bierstadt","John Frederick Kensett","Edward Anthony","James Wallace Black","John Adams Whipple","Jeremiah Gurney","Abraham Lincoln","George Gardner Rockwood","Charles Bierstadt","Charles DeForest Fredricks","Edward Bierstadt","Horace Greeley","John P. Soule","Charles Taber","American Phototype Company","Richard A. Lewis","William Klauser"],"http://images.metmuseum.org/CRDImages/ph/original/MM76543.jpg"
270045,"58.577.23","Portrait - S.R.","Alfred Stieglitz","http://images.metmuseum.org/CRDImages/ph/original/MM69658.jpg"
270326,"60.710.2","Mrs. Alice Raphael","Aimé Dupont","http://images.metmuseum.org/CRDImages/ph/original/DP116730.jpg"
270334,"61.514.12","Professor Samuel F. B. Morse, LL.D.","Unknown, American","http://images.metmuseum.org/CRDImages/ph/original/DP149501.jpg"
270743,"62.684.52","[Man with Hand to Face]","Johan Hagemeyer","http://images.metmuseum.org/CRDImages/ph/original/DP72193.jpg"
270790,"62.684.95","[Man with Head Resting on Hands]","Johan Hagemeyer","http://images.metmuseum.org/CRDImages/ph/original/DP72217.jpg"
270849,"63.606.1.33","Study of a Head","Oscar Gustav Rejlander","http://images.metmuseum.org/CRDImages/ph/original/DP209255.jpg"
270956,"64.677.4","Charles Baudelaire",["Étienne Carjat","Goupil et Cie"],"http://images.metmuseum.org/CRDImages/ph/original/DP109640.jpg"
271100,"66.640.2.4","Portrait, Turkish Summer Costume","Francis Frith","http://images.metmuseum.org/CRDImages/ph/original/DP116344.jpg"
271522,"69.607.9","Beatrice","Julia Margaret Cameron","http://images.metmuseum.org/CRDImages/ph/original/DP295214.jpg"
271574,"1997.61.45","Georgia O'Keeffe","Alfred Stieglitz","http://images.metmuseum.org/CRDImages/ph/original/PH379A.jpg"
271601,"1997.61.35","Georgia O'Keeffe","Alfred Stieglitz","http://images.metmuseum.org/CRDImages/ph/original/PH374A.jpg"
271634,"1997.61.36","Georgia O'Keeffe","Alfred Stieglitz","http://images.metmuseum.org/CRDImages/ph/original/DP230868.jpg"
271723,"33.43.383","Portrait","Frank Eugene","http://images.metmuseum.org/CRDImages/ph/original/MM58790.jpg"
271747,"49.55.246","Alfred Stieglitz, Esquire. Photographer and Truthseeker","Frank Eugene","http://images.metmuseum.org/CRDImages/ph/original/MM58934.jpg"
271755,"33.43.91","Portrait","Frank Eugene","http://images.metmuseum.org/CRDImages/ph/original/MM58468.jpg"
271801,"1985.1027.8","[Male Portrait]","Thomas Eakins","http://images.metmuseum.org/CRDImages/ph/original/MM74873.jpg"
271811,"1985.1027.18","Self-Portrait","Thomas Eakins","http://images.metmuseum.org/CRDImages/ph/original/MM74883.jpg"
271859,"1979.547.5","[Female Model, Hand to Head]","Thomas Eakins","http://images.metmuseum.org/CRDImages/ph/original/MM90772_1979.547.5.jpg"
271881,"43.87.13","George W. Holmes","Thomas Eakins","http://images.metmuseum.org/CRDImages/ph/original/MM14558.jpg"
271905,"47.62.4","[Female portrait]","Thomas Eakins","http://images.metmuseum.org/CRDImages/ph/original/DP116698.jpg"
271960,"1996.532.2","[Portrait of a Woman]","Unknown, American","http://images.metmuseum.org/CRDImages/ph/original/MM89462.jpg"
271974,"1996.166.1","[Walker Evans Jr.'s Rugby Team Portrait]","Unknown, American","http://images.metmuseum.org/CRDImages/ph/original/DP68704.jpg"
271983,"1996.166.10","[Walker Evans, Facing Right with Joined Hands]","Unknown, American","http://images.metmuseum.org/CRDImages/ph/original/DP49299.jpg"
272000,"1996.166.27","[Self-portrait, Seated in Hanns Skolle's Apartment at 13 East 14th Street, New York City]","Walker Evans","http://images.metmuseum.org/CRDImages/ph/original/DP49312.jpg"
272005,"1996.166.32","[Self-portrait in Automated Photobooth]","Walker Evans","http://images.metmuseum.org/CRDImages/ph/original/DP49316.jpg"
272006,"1996.166.33","[Self-Portrait in Automated Photobooth]","Walker Evans","http://images.metmuseum.org/CRDImages/ph/original/DP230149.jpg"
272007,"1996.166.34","[Self-Portrait in Automated Photobooth]","Walker Evans","http://images.metmuseum.org/CRDImages/ph/original/DP49842.jpg"
272008,"1996.166.35","[Self-Portrait in Automated Photobooth]","Walker Evans","http://images.metmuseum.org/CRDImages/ph/original/DP49843.jpg"
272190,"1994.251.1002","[South Seas: Cressida Sailor Posing for Portrait with Two Men in Sarongs and a Woman on Shore]","Walker Evans","http://images.metmuseum.org/CRDImages/ph/original/PH3225.jpg"
272255,"1994.251.119","[Self-Portrait in Sunglasses Before Bookshelf, 48 Columbia Heights, Brooklyn, New York]","Walker Evans","http://images.metmuseum.org/CRDImages/ph/original/PH2654.jpg"
272587,"1994.251.418","[Hanns Skolle with Arms Raised Over Head, Shirtless]","Walker Evans","http://images.metmuseum.org/CRDImages/ph/original/PH2841.jpg"
273671,"1994.254.330","[Elmina Nettleton Soby]","Walker Evans","http://images.metmuseum.org/CRDImages/ph/original/PH6461.jpg"
273706,"1994.254.362","[Emily Workum and Her Children on Lawn, Bedford Village, New York]","Walker Evans","http://images.metmuseum.org/CRDImages/ph/original/PH6476.jpg"
273708,"1994.254.364","[Emily Workum and Her Children on Lawn, Bedford Village, New York]","Walker Evans","http://images.metmuseum.org/CRDImages/ph/original/PH6478.jpg"
273710,"1994.254.366","[Emily Workum and Her Children on Lawn, Bedford Village, New York]","Walker Evans","http://images.metmuseum.org/CRDImages/ph/original/PH6480.jpg"
273711,"1994.254.367","[Emily Workum and Her Children on Lawn, Bedford Village, New York]","Walker Evans","http://images.metmuseum.org/CRDImages/ph/original/PH6498.jpg"
273715,"1994.254.370","[Emily Workum and Her Children on Lawn, Bedford Village, New York]","Walker Evans","http://images.metmuseum.org/CRDImages/ph/original/PH6501.jpg"
273717,"1994.254.372","[Emily Workum and Her Children on Lawn, Bedford Village, New York]","Walker Evans","http://images.metmuseum.org/CRDImages/ph/original/PH6503.jpg"
273718,"1994.254.373","[Emily Workum, Bedford Village, New York]","Walker Evans","http://images.metmuseum.org/CRDImages/ph/original/PH6504.jpg"
273719,"1994.254.374","[Robert Workum, Bedford Village, New York]","Walker Evans","http://images.metmuseum.org/CRDImages/ph/original/PH6505.jpg"
273721,"1994.254.376","[Emily Workum and Her Son Robert, Bedford Village, New York]","Walker Evans","http://images.metmuseum.org/CRDImages/ph/original/PH6507.jpg"
273729,"1994.254.383","[Double Exposure: Robert and Lee Workum, Bedford Village, New York]","Walker Evans","http://images.metmuseum.org/CRDImages/ph/original/PH6514.jpg"
273739,"1994.254.392","[Lee Workum, Bedford Village, New York]","Walker Evans","http://images.metmuseum.org/CRDImages/ph/original/PH6523.jpg"
273740,"1994.254.393","[Lee Workum, Bedford Village, New York]","Walker Evans","http://images.metmuseum.org/CRDImages/ph/original/PH6524.jpg"
273741,"1994.254.394","[Lee Workum, Bedford Village, New York]","Walker Evans","http://images.metmuseum.org/CRDImages/ph/original/PH6525.jpg"
273742,"1994.254.395","[Lee Workum, Bedford Village, New York]","Walker Evans","http://images.metmuseum.org/CRDImages/ph/original/PH6526.jpg"
273743,"1994.254.396","[Lee Workum, Bedford Village, New York]","Walker Evans","http://images.metmuseum.org/CRDImages/ph/original/PH6527.jpg"
273770,"1994.254.42","[Samuel Barber, New York]","Walker Evans","http://images.metmuseum.org/CRDImages/ph/original/PH6173.jpg"
273845,"1994.254.488","[Lewis Preston, Bedford, New York]","Walker Evans","http://images.metmuseum.org/CRDImages/ph/original/PH6619.jpg"
273922,"1994.254.557","[Wedding Portrait: Margot Loines]","Walker Evans","http://images.metmuseum.org/CRDImages/ph/original/PH6688.jpg"
273923,"1994.254.558","[Wedding Portrait: Margot Loines]","Walker Evans","http://images.metmuseum.org/CRDImages/ph/original/PH6689.jpg"
273927,"1994.254.561","[Wedding Portrait: Margot Loines]","Walker Evans","http://images.metmuseum.org/CRDImages/ph/original/PH6692.jpg"
273930,"1994.254.564","[Wedding Portrait: Margot Loines]","Walker Evans","http://images.metmuseum.org/CRDImages/ph/original/PH6695.jpg"
273936,"1994.254.57","[Dorothy Bitter]","Walker Evans","http://images.metmuseum.org/CRDImages/ph/original/PH6188.jpg"
273941,"1994.254.574","[Wedding Portrait: Margot Loines]","Walker Evans","http://images.metmuseum.org/CRDImages/ph/original/PH6705.jpg"
273942,"1994.254.575","[Wedding Portrait: Margot Loines]","Walker Evans","http://images.metmuseum.org/CRDImages/ph/original/PH6706.jpg"
273945,"1994.254.578","[Wedding Portrait: Margot Loines]","Walker Evans","http://images.metmuseum.org/CRDImages/ph/original/PH6709.jpg"
273946,"1994.254.579","[Wedding Portrait: Margot Loines]","Walker Evans","http://images.metmuseum.org/CRDImages/ph/original/PH6710.jpg"
273947,"1994.254.58","[Ursula and Dorothy Bitter]","Walker Evans","http://images.metmuseum.org/CRDImages/ph/original/PH6189.jpg"
274535,"1994.255.209","[Seaman Posing for Portrait Aboard Ship: ""RUTH SHAW""]","Walker Evans","http://images.metmuseum.org/CRDImages/ph/original/PH1185.jpg"
274538,"1994.255.211","[Unidentified Woman Posing with Head Framed in Wooden Device]","Walker Evans","http://images.metmuseum.org/CRDImages/ph/original/PH1187.jpg"
274774,"1994.256.13","[South Seas: Female Portrait]","Walker Evans","http://images.metmuseum.org/CRDImages/ph/original/PH1753_1994.256.13.jpg"
275356,"1994.256.655","[Self-Portrait]","Walker Evans","http://images.metmuseum.org/CRDImages/ph/original/PH2010.jpg"
275373,"1994.256.73","[South Seas: Male Portrait]","Walker Evans","http://images.metmuseum.org/CRDImages/ph/original/PH1870_1994.256.73.jpg"
275402,"1994.257.1","[Lou Block]","Walker Evans","http://images.metmuseum.org/CRDImages/ph/original/PH2320.jpg"